date,district,rainfall_mm
2023-01-01,Vijayawada,1.41
2023-01-02,Vijayawada,9.03
2023-01-03,Vijayawada,3.95
2023-01-04,Vijayawada,2.74
2023-01-05,Vijayawada,0.51
2023-01-06,Vijayawada,0.51
2023-01-07,Vijayawada,0.18
2023-01-08,Vijayawada,6.03
2023-01-09,Vijayawada,2.76
2023-01-10,Vijayawada,3.69
2023-01-11,Vijayawada,0.06
2023-01-12,Vijayawada,10.51
2023-01-13,Vijayawada,5.36
2023-01-14,Vijayawada,0.72
2023-01-15,Vijayawada,0.6
2023-01-16,Vijayawada,0.61
2023-01-17,Vijayawada,1.09
2023-01-18,Vijayawada,2.23
2023-01-19,Vijayawada,1.7
2023-01-20,Vijayawada,1.03
2023-01-21,Vijayawada,2.84
2023-01-22,Vijayawada,0.45
2023-01-23,Vijayawada,1.04
2023-01-24,Vijayawada,1.37
2023-01-25,Vijayawada,1.83
2023-01-26,Vijayawada,4.61
2023-01-27,Vijayawada,0.67
2023-01-28,Vijayawada,2.17
2023-01-29,Vijayawada,2.69
2023-01-30,Vijayawada,0.14
2023-01-31,Vijayawada,2.81
2023-02-01,Vijayawada,0.56
2023-02-02,Vijayawada,0.2
2023-02-03,Vijayawada,8.92
2023-02-04,Vijayawada,10.11
2023-02-05,Vijayawada,4.96
2023-02-06,Vijayawada,1.09
2023-02-07,Vijayawada,0.31
2023-02-08,Vijayawada,3.46
2023-02-09,Vijayawada,1.74
2023-02-10,Vijayawada,0.39
2023-02-11,Vijayawada,2.05
2023-02-12,Vijayawada,0.1
2023-02-13,Vijayawada,7.2
2023-02-14,Vijayawada,0.9
2023-02-15,Vijayawada,3.26
2023-02-16,Vijayawada,1.12
2023-02-17,Vijayawada,2.2
2023-02-18,Vijayawada,2.37
2023-02-19,Vijayawada,0.61
2023-02-20,Vijayawada,10.48
2023-02-21,Vijayawada,4.48
2023-02-22,Vijayawada,8.42
2023-02-23,Vijayawada,6.76
2023-02-24,Vijayawada,2.73
2023-02-25,Vijayawada,7.65
2023-02-26,Vijayawada,0.28
2023-02-27,Vijayawada,0.65
2023-02-28,Vijayawada,0.14
2023-03-01,Vijayawada,1.18
2023-03-02,Vijayawada,1.48
2023-03-03,Vijayawada,0.95
2023-03-04,Vijayawada,5.29
2023-03-05,Vijayawada,1.32
2023-03-06,Vijayawada,0.99
2023-03-07,Vijayawada,2.35
2023-03-08,Vijayawada,0.46
2023-03-09,Vijayawada,4.86
2023-03-10,Vijayawada,0.23
2023-03-11,Vijayawada,13.0
2023-03-12,Vijayawada,4.44
2023-03-13,Vijayawada,0.66
2023-03-14,Vijayawada,0.02
2023-03-15,Vijayawada,5.07
2023-03-16,Vijayawada,3.68
2023-03-17,Vijayawada,3.92
2023-03-18,Vijayawada,4.43
2023-03-19,Vijayawada,0.23
2023-03-20,Vijayawada,1.33
2023-03-21,Vijayawada,0.37
2023-03-22,Vijayawada,5.97
2023-03-23,Vijayawada,2.93
2023-03-24,Vijayawada,1.21
2023-03-25,Vijayawada,0.2
2023-03-26,Vijayawada,1.12
2023-03-27,Vijayawada,1.18
2023-03-28,Vijayawada,3.92
2023-03-29,Vijayawada,3.04
2023-03-30,Vijayawada,6.55
2023-03-31,Vijayawada,1.92
2023-04-01,Vijayawada,0.38
2023-04-02,Vijayawada,3.75
2023-04-03,Vijayawada,4.29
2023-04-04,Vijayawada,2.47
2023-04-05,Vijayawada,4.42
2023-04-06,Vijayawada,2.04
2023-04-07,Vijayawada,2.22
2023-04-08,Vijayawada,1.67
2023-04-09,Vijayawada,0.08
2023-04-10,Vijayawada,0.34
2023-04-11,Vijayawada,0.1
2023-04-12,Vijayawada,3.04
2023-04-13,Vijayawada,1.13
2023-04-14,Vijayawada,2.13
2023-04-15,Vijayawada,7.14
2023-04-16,Vijayawada,0.86
2023-04-17,Vijayawada,1.58
2023-04-18,Vijayawada,4.23
2023-04-19,Vijayawada,0.78
2023-04-20,Vijayawada,0.24
2023-04-21,Vijayawada,1.03
2023-04-22,Vijayawada,0.53
2023-04-23,Vijayawada,7.96
2023-04-24,Vijayawada,4.95
2023-04-25,Vijayawada,3.01
2023-04-26,Vijayawada,6.15
2023-04-27,Vijayawada,4.88
2023-04-28,Vijayawada,0.62
2023-04-29,Vijayawada,6.69
2023-04-30,Vijayawada,2.33
2023-05-01,Vijayawada,4.94
2023-05-02,Vijayawada,6.79
2023-05-03,Vijayawada,1.15
2023-05-04,Vijayawada,0.35
2023-05-05,Vijayawada,0.78
2023-05-06,Vijayawada,1.67
2023-05-07,Vijayawada,5.11
2023-05-08,Vijayawada,5.91
2023-05-09,Vijayawada,0.02
2023-05-10,Vijayawada,2.14
2023-05-11,Vijayawada,1.62
2023-05-12,Vijayawada,0.75
2023-05-13,Vijayawada,0.38
2023-05-14,Vijayawada,1.24
2023-05-15,Vijayawada,8.59
2023-05-16,Vijayawada,1.17
2023-05-17,Vijayawada,2.19
2023-05-18,Vijayawada,3.64
2023-05-19,Vijayawada,1.36
2023-05-20,Vijayawada,10.7
2023-05-21,Vijayawada,9.85
2023-05-22,Vijayawada,0.87
2023-05-23,Vijayawada,2.06
2023-05-24,Vijayawada,1.07
2023-05-25,Vijayawada,1.01
2023-05-26,Vijayawada,0.11
2023-05-27,Vijayawada,2.82
2023-05-28,Vijayawada,2.1
2023-05-29,Vijayawada,0.16
2023-05-30,Vijayawada,0.98
2023-05-31,Vijayawada,7.17
2023-06-01,Vijayawada,5.48
2023-06-02,Vijayawada,3.13
2023-06-03,Vijayawada,13.45
2023-06-04,Vijayawada,84.88
2023-06-05,Vijayawada,5.54
2023-06-06,Vijayawada,22.3
2023-06-07,Vijayawada,28.68
2023-06-08,Vijayawada,5.43
2023-06-09,Vijayawada,26.05
2023-06-10,Vijayawada,9.17
2023-06-11,Vijayawada,20.01
2023-06-12,Vijayawada,20.08
2023-06-13,Vijayawada,15.35
2023-06-14,Vijayawada,1.89
2023-06-15,Vijayawada,36.07
2023-06-16,Vijayawada,7.74
2023-06-17,Vijayawada,4.13
2023-06-18,Vijayawada,0.83
2023-06-19,Vijayawada,17.88
2023-06-20,Vijayawada,22.64
2023-06-21,Vijayawada,0.33
2023-06-22,Vijayawada,14.35
2023-06-23,Vijayawada,5.14
2023-06-24,Vijayawada,20.72
2023-06-25,Vijayawada,3.83
2023-06-26,Vijayawada,23.48
2023-06-27,Vijayawada,9.78
2023-06-28,Vijayawada,55.21
2023-06-29,Vijayawada,2.96
2023-06-30,Vijayawada,8.34
2023-07-01,Vijayawada,2.41
2023-07-02,Vijayawada,51.72
2023-07-03,Vijayawada,41.97
2023-07-04,Vijayawada,5.97
2023-07-05,Vijayawada,21.58
2023-07-06,Vijayawada,33.99
2023-07-07,Vijayawada,16.2
2023-07-08,Vijayawada,15.09
2023-07-09,Vijayawada,5.54
2023-07-10,Vijayawada,1.95
2023-07-11,Vijayawada,45.5
2023-07-12,Vijayawada,46.14
2023-07-13,Vijayawada,20.05
2023-07-14,Vijayawada,8.28
2023-07-15,Vijayawada,8.59
2023-07-16,Vijayawada,25.89
2023-07-17,Vijayawada,45.48
2023-07-18,Vijayawada,43.62
2023-07-19,Vijayawada,30.27
2023-07-20,Vijayawada,20.55
2023-07-21,Vijayawada,1.76
2023-07-22,Vijayawada,3.53
2023-07-23,Vijayawada,45.76
2023-07-24,Vijayawada,18.65
2023-07-25,Vijayawada,0.18
2023-07-26,Vijayawada,2.14
2023-07-27,Vijayawada,21.78
2023-07-28,Vijayawada,0.1
2023-07-29,Vijayawada,3.51
2023-07-30,Vijayawada,15.91
2023-07-31,Vijayawada,23.55
2023-08-01,Vijayawada,21.11
2023-08-02,Vijayawada,5.08
2023-08-03,Vijayawada,24.91
2023-08-04,Vijayawada,5.42
2023-08-05,Vijayawada,7.87
2023-08-06,Vijayawada,27.45
2023-08-07,Vijayawada,20.98
2023-08-08,Vijayawada,37.84
2023-08-09,Vijayawada,21.44
2023-08-10,Vijayawada,16.8
2023-08-11,Vijayawada,1.97
2023-08-12,Vijayawada,9.17
2023-08-13,Vijayawada,6.16
2023-08-14,Vijayawada,5.59
2023-08-15,Vijayawada,72.25
2023-08-16,Vijayawada,9.99
2023-08-17,Vijayawada,44.52
2023-08-18,Vijayawada,19.95
2023-08-19,Vijayawada,31.68
2023-08-20,Vijayawada,13.97
2023-08-21,Vijayawada,17.2
2023-08-22,Vijayawada,13.57
2023-08-23,Vijayawada,4.34
2023-08-24,Vijayawada,25.64
2023-08-25,Vijayawada,6.59
2023-08-26,Vijayawada,0.49
2023-08-27,Vijayawada,20.74
2023-08-28,Vijayawada,3.9
2023-08-29,Vijayawada,56.42
2023-08-30,Vijayawada,61.55
2023-08-31,Vijayawada,49.27
2023-09-01,Vijayawada,9.25
2023-09-02,Vijayawada,0.31
2023-09-03,Vijayawada,52.71
2023-09-04,Vijayawada,11.18
2023-09-05,Vijayawada,68.02
2023-09-06,Vijayawada,66.27
2023-09-07,Vijayawada,38.35
2023-09-08,Vijayawada,6.98
2023-09-09,Vijayawada,9.73
2023-09-10,Vijayawada,38.09
2023-09-11,Vijayawada,7.62
2023-09-12,Vijayawada,3.71
2023-09-13,Vijayawada,16.27
2023-09-14,Vijayawada,55.03
2023-09-15,Vijayawada,23.82
2023-09-16,Vijayawada,16.88
2023-09-17,Vijayawada,2.04
2023-09-18,Vijayawada,19.09
2023-09-19,Vijayawada,92.21
2023-09-20,Vijayawada,3.02
2023-09-21,Vijayawada,14.61
2023-09-22,Vijayawada,41.97
2023-09-23,Vijayawada,27.0
2023-09-24,Vijayawada,23.88
2023-09-25,Vijayawada,24.25
2023-09-26,Vijayawada,8.91
2023-09-27,Vijayawada,6.95
2023-09-28,Vijayawada,33.15
2023-09-29,Vijayawada,33.23
2023-09-30,Vijayawada,40.36
2023-10-01,Vijayawada,7.33
2023-10-02,Vijayawada,2.15
2023-10-03,Vijayawada,2.09
2023-10-04,Vijayawada,4.8
2023-10-05,Vijayawada,3.15
2023-10-06,Vijayawada,3.63
2023-10-07,Vijayawada,4.77
2023-10-08,Vijayawada,6.62
2023-10-09,Vijayawada,1.24
2023-10-10,Vijayawada,1.41
2023-10-11,Vijayawada,0.3
2023-10-12,Vijayawada,2.59
2023-10-13,Vijayawada,0.11
2023-10-14,Vijayawada,1.88
2023-10-15,Vijayawada,2.35
2023-10-16,Vijayawada,1.01
2023-10-17,Vijayawada,2.68
2023-10-18,Vijayawada,0.09
2023-10-19,Vijayawada,0.11
2023-10-20,Vijayawada,5.19
2023-10-21,Vijayawada,1.34
2023-10-22,Vijayawada,0.41
2023-10-23,Vijayawada,2.22
2023-10-24,Vijayawada,4.41
2023-10-25,Vijayawada,0.73
2023-10-26,Vijayawada,2.93
2023-10-27,Vijayawada,0.27
2023-10-28,Vijayawada,0.16
2023-10-29,Vijayawada,2.27
2023-10-30,Vijayawada,2.33
2023-10-31,Vijayawada,3.04
2023-11-01,Vijayawada,3.88
2023-11-02,Vijayawada,11.17
2023-11-03,Vijayawada,2.18
2023-11-04,Vijayawada,1.17
2023-11-05,Vijayawada,4.76
2023-11-06,Vijayawada,0.95
2023-11-07,Vijayawada,1.73
2023-11-08,Vijayawada,0.25
2023-11-09,Vijayawada,0.08
2023-11-10,Vijayawada,9.86
2023-11-11,Vijayawada,5.42
2023-11-12,Vijayawada,3.57
2023-11-13,Vijayawada,1.58
2023-11-14,Vijayawada,0.57
2023-11-15,Vijayawada,0.51
2023-11-16,Vijayawada,0.86
2023-11-17,Vijayawada,2.39
2023-11-18,Vijayawada,3.76
2023-11-19,Vijayawada,3.24
2023-11-20,Vijayawada,0.99
2023-11-21,Vijayawada,9.29
2023-11-22,Vijayawada,4.02
2023-11-23,Vijayawada,2.42
2023-11-24,Vijayawada,2.84
2023-11-25,Vijayawada,1.63
2023-11-26,Vijayawada,0.85
2023-11-27,Vijayawada,1.32
2023-11-28,Vijayawada,4.25
2023-11-29,Vijayawada,0.04
2023-11-30,Vijayawada,0.37
2023-12-01,Vijayawada,0.14
2023-12-02,Vijayawada,0.12
2023-12-03,Vijayawada,5.8
2023-12-04,Vijayawada,3.65
2023-12-05,Vijayawada,1.93
2023-12-06,Vijayawada,0.31
2023-12-07,Vijayawada,2.03
2023-12-08,Vijayawada,1.92
2023-12-09,Vijayawada,0.57
2023-12-10,Vijayawada,1.71
2023-12-11,Vijayawada,1.53
2023-12-12,Vijayawada,2.87
2023-12-13,Vijayawada,3.02
2023-12-14,Vijayawada,0.14
2023-12-15,Vijayawada,1.41
2023-12-16,Vijayawada,2.95
2023-12-17,Vijayawada,2.1
2023-12-18,Vijayawada,5.82
2023-12-19,Vijayawada,3.22
2023-12-20,Vijayawada,0.53
2023-12-21,Vijayawada,0.22
2023-12-22,Vijayawada,3.09
2023-12-23,Vijayawada,0.08
2023-12-24,Vijayawada,2.64
2023-12-25,Vijayawada,8.45
2023-12-26,Vijayawada,2.57
2023-12-27,Vijayawada,1.47
2023-12-28,Vijayawada,3.09
2023-12-29,Vijayawada,1.84
2023-12-30,Vijayawada,2.37
2023-12-31,Vijayawada,8.51
2023-01-01,Guntur,1.46
2023-01-02,Guntur,9.75
2023-01-03,Guntur,7.07
2023-01-04,Guntur,0.65
2023-01-05,Guntur,0.22
2023-01-06,Guntur,0.32
2023-01-07,Guntur,0.06
2023-01-08,Guntur,0.3
2023-01-09,Guntur,3.45
2023-01-10,Guntur,0.22
2023-01-11,Guntur,1.15
2023-01-12,Guntur,5.59
2023-01-13,Guntur,0.07
2023-01-14,Guntur,5.05
2023-01-15,Guntur,0.99
2023-01-16,Guntur,0.38
2023-01-17,Guntur,3.58
2023-01-18,Guntur,2.97
2023-01-19,Guntur,6.3
2023-01-20,Guntur,3.98
2023-01-21,Guntur,4.88
2023-01-22,Guntur,0.99
2023-01-23,Guntur,0.59
2023-01-24,Guntur,4.17
2023-01-25,Guntur,4.93
2023-01-26,Guntur,13.97
2023-01-27,Guntur,1.6
2023-01-28,Guntur,1.4
2023-01-29,Guntur,4.49
2023-01-30,Guntur,1.25
2023-01-31,Guntur,8.01
2023-02-01,Guntur,5.86
2023-02-02,Guntur,1.68
2023-02-03,Guntur,4.17
2023-02-04,Guntur,4.21
2023-02-05,Guntur,0.33
2023-02-06,Guntur,6.99
2023-02-07,Guntur,2.11
2023-02-08,Guntur,5.25
2023-02-09,Guntur,1.16
2023-02-10,Guntur,6.78
2023-02-11,Guntur,1.48
2023-02-12,Guntur,0.03
2023-02-13,Guntur,7.07
2023-02-14,Guntur,0.29
2023-02-15,Guntur,1.15
2023-02-16,Guntur,8.99
2023-02-17,Guntur,9.02
2023-02-18,Guntur,2.56
2023-02-19,Guntur,3.0
2023-02-20,Guntur,1.79
2023-02-21,Guntur,1.04
2023-02-22,Guntur,1.2
2023-02-23,Guntur,3.35
2023-02-24,Guntur,4.19
2023-02-25,Guntur,4.7
2023-02-26,Guntur,4.68
2023-02-27,Guntur,0.29
2023-02-28,Guntur,2.05
2023-03-01,Guntur,0.18
2023-03-02,Guntur,2.39
2023-03-03,Guntur,1.75
2023-03-04,Guntur,6.56
2023-03-05,Guntur,1.3
2023-03-06,Guntur,0.37
2023-03-07,Guntur,0.46
2023-03-08,Guntur,4.3
2023-03-09,Guntur,2.89
2023-03-10,Guntur,0.32
2023-03-11,Guntur,0.26
2023-03-12,Guntur,3.62
2023-03-13,Guntur,0.23
2023-03-14,Guntur,5.18
2023-03-15,Guntur,3.67
2023-03-16,Guntur,0.25
2023-03-17,Guntur,0.27
2023-03-18,Guntur,12.95
2023-03-19,Guntur,1.41
2023-03-20,Guntur,1.39
2023-03-21,Guntur,5.03
2023-03-22,Guntur,8.83
2023-03-23,Guntur,12.81
2023-03-24,Guntur,4.2
2023-03-25,Guntur,1.42
2023-03-26,Guntur,0.26
2023-03-27,Guntur,4.5
2023-03-28,Guntur,2.45
2023-03-29,Guntur,1.66
2023-03-30,Guntur,7.1
2023-03-31,Guntur,0.35
2023-04-01,Guntur,2.04
2023-04-02,Guntur,0.03
2023-04-03,Guntur,1.9
2023-04-04,Guntur,0.17
2023-04-05,Guntur,0.38
2023-04-06,Guntur,0.38
2023-04-07,Guntur,3.14
2023-04-08,Guntur,4.11
2023-04-09,Guntur,2.63
2023-04-10,Guntur,9.82
2023-04-11,Guntur,1.41
2023-04-12,Guntur,1.01
2023-04-13,Guntur,6.09
2023-04-14,Guntur,0.76
2023-04-15,Guntur,9.91
2023-04-16,Guntur,0.04
2023-04-17,Guntur,10.51
2023-04-18,Guntur,0.13
2023-04-19,Guntur,6.65
2023-04-20,Guntur,2.25
2023-04-21,Guntur,14.87
2023-04-22,Guntur,0.23
2023-04-23,Guntur,2.42
2023-04-24,Guntur,10.45
2023-04-25,Guntur,2.22
2023-04-26,Guntur,2.98
2023-04-27,Guntur,3.57
2023-04-28,Guntur,1.82
2023-04-29,Guntur,2.96
2023-04-30,Guntur,2.63
2023-05-01,Guntur,6.94
2023-05-02,Guntur,0.14
2023-05-03,Guntur,0.99
2023-05-04,Guntur,9.01
2023-05-05,Guntur,6.63
2023-05-06,Guntur,1.82
2023-05-07,Guntur,2.9
2023-05-08,Guntur,0.97
2023-05-09,Guntur,0.63
2023-05-10,Guntur,1.87
2023-05-11,Guntur,1.31
2023-05-12,Guntur,2.63
2023-05-13,Guntur,0.24
2023-05-14,Guntur,10.99
2023-05-15,Guntur,12.85
2023-05-16,Guntur,3.59
2023-05-17,Guntur,2.3
2023-05-18,Guntur,1.11
2023-05-19,Guntur,5.04
2023-05-20,Guntur,3.46
2023-05-21,Guntur,0.53
2023-05-22,Guntur,7.25
2023-05-23,Guntur,5.19
2023-05-24,Guntur,8.98
2023-05-25,Guntur,3.88
2023-05-26,Guntur,2.85
2023-05-27,Guntur,1.63
2023-05-28,Guntur,8.1
2023-05-29,Guntur,6.03
2023-05-30,Guntur,0.14
2023-05-31,Guntur,0.08
2023-06-01,Guntur,9.45
2023-06-02,Guntur,33.27
2023-06-03,Guntur,87.29
2023-06-04,Guntur,3.26
2023-06-05,Guntur,18.03
2023-06-06,Guntur,9.59
2023-06-07,Guntur,70.07
2023-06-08,Guntur,36.92
2023-06-09,Guntur,36.44
2023-06-10,Guntur,12.65
2023-06-11,Guntur,10.72
2023-06-12,Guntur,6.39
2023-06-13,Guntur,1.16
2023-06-14,Guntur,40.01
2023-06-15,Guntur,33.52
2023-06-16,Guntur,163.45
2023-06-17,Guntur,113.9
2023-06-18,Guntur,16.21
2023-06-19,Guntur,29.31
2023-06-20,Guntur,57.92
2023-06-21,Guntur,37.9
2023-06-22,Guntur,5.68
2023-06-23,Guntur,11.98
2023-06-24,Guntur,2.77
2023-06-25,Guntur,61.6
2023-06-26,Guntur,18.64
2023-06-27,Guntur,5.19
2023-06-28,Guntur,22.28
2023-06-29,Guntur,19.25
2023-06-30,Guntur,8.87
2023-07-01,Guntur,2.41
2023-07-02,Guntur,22.27
2023-07-03,Guntur,14.69
2023-07-04,Guntur,29.6
2023-07-05,Guntur,14.69
2023-07-06,Guntur,38.24
2023-07-07,Guntur,16.06
2023-07-08,Guntur,16.46
2023-07-09,Guntur,41.86
2023-07-10,Guntur,10.33
2023-07-11,Guntur,2.88
2023-07-12,Guntur,0.58
2023-07-13,Guntur,28.14
2023-07-14,Guntur,19.37
2023-07-15,Guntur,24.35
2023-07-16,Guntur,4.79
2023-07-17,Guntur,2.93
2023-07-18,Guntur,0.29
2023-07-19,Guntur,8.63
2023-07-20,Guntur,17.83
2023-07-21,Guntur,9.96
2023-07-22,Guntur,11.51
2023-07-23,Guntur,46.9
2023-07-24,Guntur,8.56
2023-07-25,Guntur,14.43
2023-07-26,Guntur,30.62
2023-07-27,Guntur,10.1
2023-07-28,Guntur,19.46
2023-07-29,Guntur,39.66
2023-07-30,Guntur,59.72
2023-07-31,Guntur,3.18
2023-08-01,Guntur,52.23
2023-08-02,Guntur,13.55
2023-08-03,Guntur,5.97
2023-08-04,Guntur,12.29
2023-08-05,Guntur,78.27
2023-08-06,Guntur,13.57
2023-08-07,Guntur,7.97
2023-08-08,Guntur,20.07
2023-08-09,Guntur,5.49
2023-08-10,Guntur,1.58
2023-08-11,Guntur,2.76
2023-08-12,Guntur,2.74
2023-08-13,Guntur,3.3
2023-08-14,Guntur,2.99
2023-08-15,Guntur,20.48
2023-08-16,Guntur,4.01
2023-08-17,Guntur,8.48
2023-08-18,Guntur,45.42
2023-08-19,Guntur,12.85
2023-08-20,Guntur,22.03
2023-08-21,Guntur,3.78
2023-08-22,Guntur,4.27
2023-08-23,Guntur,0.83
2023-08-24,Guntur,3.7
2023-08-25,Guntur,6.53
2023-08-26,Guntur,3.9
2023-08-27,Guntur,1.86
2023-08-28,Guntur,2.57
2023-08-29,Guntur,12.35
2023-08-30,Guntur,4.62
2023-08-31,Guntur,9.06
2023-09-01,Guntur,14.0
2023-09-02,Guntur,23.45
2023-09-03,Guntur,0.8
2023-09-04,Guntur,32.13
2023-09-05,Guntur,19.77
2023-09-06,Guntur,1.71
2023-09-07,Guntur,41.36
2023-09-08,Guntur,50.73
2023-09-09,Guntur,1.26
2023-09-10,Guntur,6.48
2023-09-11,Guntur,32.82
2023-09-12,Guntur,27.59
2023-09-13,Guntur,4.08
2023-09-14,Guntur,4.7
2023-09-15,Guntur,9.26
2023-09-16,Guntur,13.25
2023-09-17,Guntur,19.26
2023-09-18,Guntur,9.21
2023-09-19,Guntur,12.42
2023-09-20,Guntur,27.52
2023-09-21,Guntur,0.75
2023-09-22,Guntur,5.82
2023-09-23,Guntur,24.99
2023-09-24,Guntur,45.12
2023-09-25,Guntur,14.34
2023-09-26,Guntur,15.19
2023-09-27,Guntur,2.27
2023-09-28,Guntur,11.86
2023-09-29,Guntur,15.21
2023-09-30,Guntur,5.55
2023-10-01,Guntur,0.94
2023-10-02,Guntur,1.42
2023-10-03,Guntur,0.06
2023-10-04,Guntur,1.17
2023-10-05,Guntur,0.71
2023-10-06,Guntur,1.19
2023-10-07,Guntur,0.38
2023-10-08,Guntur,6.64
2023-10-09,Guntur,2.7
2023-10-10,Guntur,3.41
2023-10-11,Guntur,4.67
2023-10-12,Guntur,2.07
2023-10-13,Guntur,0.27
2023-10-14,Guntur,2.31
2023-10-15,Guntur,2.65
2023-10-16,Guntur,4.1
2023-10-17,Guntur,1.7
2023-10-18,Guntur,0.41
2023-10-19,Guntur,1.0
2023-10-20,Guntur,1.35
2023-10-21,Guntur,3.11
2023-10-22,Guntur,2.54
2023-10-23,Guntur,1.32
2023-10-24,Guntur,12.92
2023-10-25,Guntur,2.79
2023-10-26,Guntur,0.81
2023-10-27,Guntur,0.32
2023-10-28,Guntur,0.5
2023-10-29,Guntur,0.85
2023-10-30,Guntur,0.53
2023-10-31,Guntur,0.62
2023-11-01,Guntur,1.01
2023-11-02,Guntur,0.57
2023-11-03,Guntur,6.81
2023-11-04,Guntur,0.25
2023-11-05,Guntur,2.23
2023-11-06,Guntur,1.58
2023-11-07,Guntur,12.12
2023-11-08,Guntur,0.36
2023-11-09,Guntur,1.52
2023-11-10,Guntur,10.47
2023-11-11,Guntur,6.02
2023-11-12,Guntur,5.1
2023-11-13,Guntur,0.89
2023-11-14,Guntur,0.56
2023-11-15,Guntur,3.31
2023-11-16,Guntur,7.95
2023-11-17,Guntur,2.44
2023-11-18,Guntur,2.54
2023-11-19,Guntur,0.99
2023-11-20,Guntur,4.4
2023-11-21,Guntur,0.62
2023-11-22,Guntur,1.17
2023-11-23,Guntur,1.66
2023-11-24,Guntur,2.13
2023-11-25,Guntur,0.83
2023-11-26,Guntur,0.37
2023-11-27,Guntur,2.83
2023-11-28,Guntur,1.02
2023-11-29,Guntur,2.61
2023-11-30,Guntur,0.5
2023-12-01,Guntur,1.97
2023-12-02,Guntur,2.28
2023-12-03,Guntur,0.16
2023-12-04,Guntur,1.23
2023-12-05,Guntur,0.43
2023-12-06,Guntur,0.2
2023-12-07,Guntur,13.8
2023-12-08,Guntur,1.17
2023-12-09,Guntur,4.98
2023-12-10,Guntur,0.88
2023-12-11,Guntur,3.43
2023-12-12,Guntur,4.28
2023-12-13,Guntur,2.72
2023-12-14,Guntur,1.91
2023-12-15,Guntur,1.59
2023-12-16,Guntur,1.29
2023-12-17,Guntur,7.96
2023-12-18,Guntur,5.33
2023-12-19,Guntur,10.06
2023-12-20,Guntur,0.4
2023-12-21,Guntur,3.94
2023-12-22,Guntur,8.36
2023-12-23,Guntur,0.6
2023-12-24,Guntur,0.21
2023-12-25,Guntur,4.05
2023-12-26,Guntur,2.56
2023-12-27,Guntur,5.53
2023-12-28,Guntur,0.45
2023-12-29,Guntur,4.76
2023-12-30,Guntur,0.68
2023-12-31,Guntur,0.54
2023-01-01,Kurnool,0.54
2023-01-02,Kurnool,5.06
2023-01-03,Kurnool,3.28
2023-01-04,Kurnool,2.22
2023-01-05,Kurnool,1.33
2023-01-06,Kurnool,6.29
2023-01-07,Kurnool,1.49
2023-01-08,Kurnool,5.09
2023-01-09,Kurnool,1.73
2023-01-10,Kurnool,1.42
2023-01-11,Kurnool,1.86
2023-01-12,Kurnool,1.08
2023-01-13,Kurnool,4.13
2023-01-14,Kurnool,2.1
2023-01-15,Kurnool,0.79
2023-01-16,Kurnool,6.9
2023-01-17,Kurnool,1.45
2023-01-18,Kurnool,2.35
2023-01-19,Kurnool,7.11
2023-01-20,Kurnool,2.94
2023-01-21,Kurnool,0.37
2023-01-22,Kurnool,8.43
2023-01-23,Kurnool,2.96
2023-01-24,Kurnool,1.22
2023-01-25,Kurnool,0.45
2023-01-26,Kurnool,4.74
2023-01-27,Kurnool,2.9
2023-01-28,Kurnool,2.29
2023-01-29,Kurnool,6.73
2023-01-30,Kurnool,4.66
2023-01-31,Kurnool,0.49
2023-02-01,Kurnool,1.12
2023-02-02,Kurnool,0.86
2023-02-03,Kurnool,4.09
2023-02-04,Kurnool,0.1
2023-02-05,Kurnool,2.53
2023-02-06,Kurnool,4.31
2023-02-07,Kurnool,6.28
2023-02-08,Kurnool,1.26
2023-02-09,Kurnool,5.17
2023-02-10,Kurnool,0.35
2023-02-11,Kurnool,5.62
2023-02-12,Kurnool,0.41
2023-02-13,Kurnool,1.52
2023-02-14,Kurnool,4.79
2023-02-15,Kurnool,0.49
2023-02-16,Kurnool,0.78
2023-02-17,Kurnool,3.84
2023-02-18,Kurnool,3.82
2023-02-19,Kurnool,3.07
2023-02-20,Kurnool,3.55
2023-02-21,Kurnool,2.35
2023-02-22,Kurnool,0.87
2023-02-23,Kurnool,1.27
2023-02-24,Kurnool,0.6
2023-02-25,Kurnool,7.17
2023-02-26,Kurnool,2.63
2023-02-27,Kurnool,1.54
2023-02-28,Kurnool,1.86
2023-03-01,Kurnool,8.83
2023-03-02,Kurnool,0.5
2023-03-03,Kurnool,2.65
2023-03-04,Kurnool,2.11
2023-03-05,Kurnool,2.84
2023-03-06,Kurnool,0.05
2023-03-07,Kurnool,6.17
2023-03-08,Kurnool,8.07
2023-03-09,Kurnool,2.5
2023-03-10,Kurnool,3.58
2023-03-11,Kurnool,7.67
2023-03-12,Kurnool,3.69
2023-03-13,Kurnool,0.5
2023-03-14,Kurnool,2.58
2023-03-15,Kurnool,2.8
2023-03-16,Kurnool,1.66
2023-03-17,Kurnool,4.0
2023-03-18,Kurnool,8.17
2023-03-19,Kurnool,7.79
2023-03-20,Kurnool,1.8
2023-03-21,Kurnool,0.36
2023-03-22,Kurnool,12.57
2023-03-23,Kurnool,5.48
2023-03-24,Kurnool,0.4
2023-03-25,Kurnool,7.61
2023-03-26,Kurnool,6.12
2023-03-27,Kurnool,2.19
2023-03-28,Kurnool,2.68
2023-03-29,Kurnool,1.53
2023-03-30,Kurnool,0.17
2023-03-31,Kurnool,1.22
2023-04-01,Kurnool,4.87
2023-04-02,Kurnool,0.01
2023-04-03,Kurnool,1.22
2023-04-04,Kurnool,1.52
2023-04-05,Kurnool,2.31
2023-04-06,Kurnool,7.57
2023-04-07,Kurnool,1.28
2023-04-08,Kurnool,1.28
2023-04-09,Kurnool,4.01
2023-04-10,Kurnool,1.81
2023-04-11,Kurnool,0.76
2023-04-12,Kurnool,1.81
2023-04-13,Kurnool,0.46
2023-04-14,Kurnool,0.58
2023-04-15,Kurnool,2.07
2023-04-16,Kurnool,1.63
2023-04-17,Kurnool,7.39
2023-04-18,Kurnool,1.35
2023-04-19,Kurnool,2.61
2023-04-20,Kurnool,3.0
2023-04-21,Kurnool,0.04
2023-04-22,Kurnool,3.27
2023-04-23,Kurnool,0.59
2023-04-24,Kurnool,9.74
2023-04-25,Kurnool,0.48
2023-04-26,Kurnool,1.61
2023-04-27,Kurnool,0.27
2023-04-28,Kurnool,17.3
2023-04-29,Kurnool,2.09
2023-04-30,Kurnool,2.71
2023-05-01,Kurnool,0.21
2023-05-02,Kurnool,4.16
2023-05-03,Kurnool,0.71
2023-05-04,Kurnool,6.85
2023-05-05,Kurnool,0.69
2023-05-06,Kurnool,0.63
2023-05-07,Kurnool,0.11
2023-05-08,Kurnool,1.92
2023-05-09,Kurnool,2.5
2023-05-10,Kurnool,0.2
2023-05-11,Kurnool,4.48
2023-05-12,Kurnool,1.81
2023-05-13,Kurnool,2.23
2023-05-14,Kurnool,1.74
2023-05-15,Kurnool,1.54
2023-05-16,Kurnool,2.46
2023-05-17,Kurnool,0.51
2023-05-18,Kurnool,0.6
2023-05-19,Kurnool,5.94
2023-05-20,Kurnool,8.76
2023-05-21,Kurnool,1.4
2023-05-22,Kurnool,0.95
2023-05-23,Kurnool,3.1
2023-05-24,Kurnool,1.58
2023-05-25,Kurnool,0.08
2023-05-26,Kurnool,0.51
2023-05-27,Kurnool,3.78
2023-05-28,Kurnool,3.23
2023-05-29,Kurnool,0.08
2023-05-30,Kurnool,0.75
2023-05-31,Kurnool,0.79
2023-06-01,Kurnool,22.29
2023-06-02,Kurnool,0.4
2023-06-03,Kurnool,2.2
2023-06-04,Kurnool,32.18
2023-06-05,Kurnool,3.93
2023-06-06,Kurnool,21.15
2023-06-07,Kurnool,5.44
2023-06-08,Kurnool,2.09
2023-06-09,Kurnool,5.57
2023-06-10,Kurnool,25.62
2023-06-11,Kurnool,38.72
2023-06-12,Kurnool,35.47
2023-06-13,Kurnool,10.12
2023-06-14,Kurnool,22.06
2023-06-15,Kurnool,4.59
2023-06-16,Kurnool,6.94
2023-06-17,Kurnool,45.33
2023-06-18,Kurnool,0.26
2023-06-19,Kurnool,1.79
2023-06-20,Kurnool,4.66
2023-06-21,Kurnool,0.54
2023-06-22,Kurnool,4.0
2023-06-23,Kurnool,17.5
2023-06-24,Kurnool,10.94
2023-06-25,Kurnool,44.64
2023-06-26,Kurnool,34.01
2023-06-27,Kurnool,8.37
2023-06-28,Kurnool,6.01
2023-06-29,Kurnool,9.55
2023-06-30,Kurnool,17.85
2023-07-01,Kurnool,6.24
2023-07-02,Kurnool,19.57
2023-07-03,Kurnool,10.53
2023-07-04,Kurnool,16.06
2023-07-05,Kurnool,11.46
2023-07-06,Kurnool,6.98
2023-07-07,Kurnool,59.31
2023-07-08,Kurnool,28.85
2023-07-09,Kurnool,3.02
2023-07-10,Kurnool,40.57
2023-07-11,Kurnool,13.37
2023-07-12,Kurnool,44.99
2023-07-13,Kurnool,32.17
2023-07-14,Kurnool,11.08
2023-07-15,Kurnool,0.45
2023-07-16,Kurnool,6.26
2023-07-17,Kurnool,15.6
2023-07-18,Kurnool,20.07
2023-07-19,Kurnool,5.97
2023-07-20,Kurnool,3.0
2023-07-21,Kurnool,36.03
2023-07-22,Kurnool,83.21
2023-07-23,Kurnool,14.92
2023-07-24,Kurnool,3.77
2023-07-25,Kurnool,6.36
2023-07-26,Kurnool,0.37
2023-07-27,Kurnool,49.14
2023-07-28,Kurnool,2.51
2023-07-29,Kurnool,17.18
2023-07-30,Kurnool,6.41
2023-07-31,Kurnool,16.16
2023-08-01,Kurnool,21.08
2023-08-02,Kurnool,35.41
2023-08-03,Kurnool,4.62
2023-08-04,Kurnool,0.22
2023-08-05,Kurnool,2.94
2023-08-06,Kurnool,46.06
2023-08-07,Kurnool,41.41
2023-08-08,Kurnool,18.2
2023-08-09,Kurnool,18.35
2023-08-10,Kurnool,21.87
2023-08-11,Kurnool,3.86
2023-08-12,Kurnool,49.16
2023-08-13,Kurnool,10.85
2023-08-14,Kurnool,9.66
2023-08-15,Kurnool,14.63
2023-08-16,Kurnool,0.96
2023-08-17,Kurnool,3.64
2023-08-18,Kurnool,26.79
2023-08-19,Kurnool,1.73
2023-08-20,Kurnool,18.48
2023-08-21,Kurnool,5.63
2023-08-22,Kurnool,9.86
2023-08-23,Kurnool,6.81
2023-08-24,Kurnool,8.79
2023-08-25,Kurnool,25.39
2023-08-26,Kurnool,7.05
2023-08-27,Kurnool,16.71
2023-08-28,Kurnool,12.93
2023-08-29,Kurnool,21.79
2023-08-30,Kurnool,55.24
2023-08-31,Kurnool,26.38
2023-09-01,Kurnool,4.84
2023-09-02,Kurnool,0.63
2023-09-03,Kurnool,6.08
2023-09-04,Kurnool,18.08
2023-09-05,Kurnool,1.06
2023-09-06,Kurnool,13.72
2023-09-07,Kurnool,18.17
2023-09-08,Kurnool,8.14
2023-09-09,Kurnool,29.47
2023-09-10,Kurnool,2.25
2023-09-11,Kurnool,1.56
2023-09-12,Kurnool,26.05
2023-09-13,Kurnool,13.68
2023-09-14,Kurnool,23.32
2023-09-15,Kurnool,11.41
2023-09-16,Kurnool,5.66
2023-09-17,Kurnool,34.2
2023-09-18,Kurnool,32.13
2023-09-19,Kurnool,23.73
2023-09-20,Kurnool,6.35
2023-09-21,Kurnool,17.84
2023-09-22,Kurnool,8.96
2023-09-23,Kurnool,1.92
2023-09-24,Kurnool,49.85
2023-09-25,Kurnool,2.94
2023-09-26,Kurnool,60.01
2023-09-27,Kurnool,11.81
2023-09-28,Kurnool,4.09
2023-09-29,Kurnool,15.61
2023-09-30,Kurnool,41.26
2023-10-01,Kurnool,3.95
2023-10-02,Kurnool,4.93
2023-10-03,Kurnool,3.23
2023-10-04,Kurnool,3.54
2023-10-05,Kurnool,5.68
2023-10-06,Kurnool,0.86
2023-10-07,Kurnool,2.02
2023-10-08,Kurnool,0.75
2023-10-09,Kurnool,13.19
2023-10-10,Kurnool,8.65
2023-10-11,Kurnool,0.12
2023-10-12,Kurnool,3.67
2023-10-13,Kurnool,7.78
2023-10-14,Kurnool,0.6
2023-10-15,Kurnool,2.52
2023-10-16,Kurnool,7.41
2023-10-17,Kurnool,0.1
2023-10-18,Kurnool,3.59
2023-10-19,Kurnool,1.06
2023-10-20,Kurnool,7.75
2023-10-21,Kurnool,10.63
2023-10-22,Kurnool,8.66
2023-10-23,Kurnool,1.93
2023-10-24,Kurnool,5.94
2023-10-25,Kurnool,5.58
2023-10-26,Kurnool,1.15
2023-10-27,Kurnool,5.3
2023-10-28,Kurnool,0.11
2023-10-29,Kurnool,2.72
2023-10-30,Kurnool,0.78
2023-10-31,Kurnool,0.39
2023-11-01,Kurnool,0.24
2023-11-02,Kurnool,3.58
2023-11-03,Kurnool,1.25
2023-11-04,Kurnool,3.87
2023-11-05,Kurnool,0.2
2023-11-06,Kurnool,1.14
2023-11-07,Kurnool,2.33
2023-11-08,Kurnool,4.69
2023-11-09,Kurnool,1.15
2023-11-10,Kurnool,2.95
2023-11-11,Kurnool,6.51
2023-11-12,Kurnool,2.87
2023-11-13,Kurnool,0.8
2023-11-14,Kurnool,0.07
2023-11-15,Kurnool,6.12
2023-11-16,Kurnool,0.06
2023-11-17,Kurnool,6.23
2023-11-18,Kurnool,2.26
2023-11-19,Kurnool,8.39
2023-11-20,Kurnool,4.81
2023-11-21,Kurnool,18.55
2023-11-22,Kurnool,1.3
2023-11-23,Kurnool,4.37
2023-11-24,Kurnool,1.54
2023-11-25,Kurnool,1.96
2023-11-26,Kurnool,2.96
2023-11-27,Kurnool,6.21
2023-11-28,Kurnool,12.42
2023-11-29,Kurnool,4.39
2023-11-30,Kurnool,1.62
2023-12-01,Kurnool,1.64
2023-12-02,Kurnool,4.01
2023-12-03,Kurnool,0.82
2023-12-04,Kurnool,0.35
2023-12-05,Kurnool,1.31
2023-12-06,Kurnool,1.02
2023-12-07,Kurnool,1.05
2023-12-08,Kurnool,0.8
2023-12-09,Kurnool,0.13
2023-12-10,Kurnool,0.05
2023-12-11,Kurnool,13.2
2023-12-12,Kurnool,1.67
2023-12-13,Kurnool,1.46
2023-12-14,Kurnool,3.41
2023-12-15,Kurnool,0.74
2023-12-16,Kurnool,8.98
2023-12-17,Kurnool,4.63
2023-12-18,Kurnool,0.28
2023-12-19,Kurnool,1.62
2023-12-20,Kurnool,6.34
2023-12-21,Kurnool,8.69
2023-12-22,Kurnool,1.89
2023-12-23,Kurnool,2.85
2023-12-24,Kurnool,0.55
2023-12-25,Kurnool,14.19
2023-12-26,Kurnool,0.79
2023-12-27,Kurnool,8.58
2023-12-28,Kurnool,3.15
2023-12-29,Kurnool,2.81
2023-12-30,Kurnool,2.16
2023-12-31,Kurnool,0.79
2023-01-01,Nellore,0.58
2023-01-02,Nellore,0.75
2023-01-03,Nellore,0.62
2023-01-04,Nellore,4.54
2023-01-05,Nellore,1.29
2023-01-06,Nellore,0.18
2023-01-07,Nellore,10.43
2023-01-08,Nellore,6.46
2023-01-09,Nellore,7.88
2023-01-10,Nellore,15.84
2023-01-11,Nellore,0.57
2023-01-12,Nellore,1.51
2023-01-13,Nellore,4.26
2023-01-14,Nellore,3.57
2023-01-15,Nellore,0.5
2023-01-16,Nellore,5.08
2023-01-17,Nellore,0.76
2023-01-18,Nellore,0.76
2023-01-19,Nellore,2.31
2023-01-20,Nellore,2.7
2023-01-21,Nellore,2.6
2023-01-22,Nellore,0.29
2023-01-23,Nellore,6.3
2023-01-24,Nellore,0.93
2023-01-25,Nellore,0.42
2023-01-26,Nellore,6.59
2023-01-27,Nellore,9.35
2023-01-28,Nellore,5.94
2023-01-29,Nellore,4.97
2023-01-30,Nellore,3.19
2023-01-31,Nellore,2.4
2023-02-01,Nellore,0.27
2023-02-02,Nellore,1.58
2023-02-03,Nellore,1.4
2023-02-04,Nellore,0.9
2023-02-05,Nellore,3.86
2023-02-06,Nellore,2.05
2023-02-07,Nellore,0.25
2023-02-08,Nellore,0.75
2023-02-09,Nellore,3.45
2023-02-10,Nellore,0.24
2023-02-11,Nellore,5.72
2023-02-12,Nellore,2.05
2023-02-13,Nellore,1.97
2023-02-14,Nellore,2.69
2023-02-15,Nellore,5.22
2023-02-16,Nellore,1.28
2023-02-17,Nellore,3.4
2023-02-18,Nellore,2.5
2023-02-19,Nellore,0.93
2023-02-20,Nellore,6.33
2023-02-21,Nellore,4.79
2023-02-22,Nellore,3.22
2023-02-23,Nellore,5.7
2023-02-24,Nellore,6.06
2023-02-25,Nellore,3.7
2023-02-26,Nellore,5.44
2023-02-27,Nellore,3.59
2023-02-28,Nellore,3.42
2023-03-01,Nellore,2.89
2023-03-02,Nellore,4.19
2023-03-03,Nellore,0.52
2023-03-04,Nellore,6.38
2023-03-05,Nellore,6.16
2023-03-06,Nellore,0.09
2023-03-07,Nellore,5.24
2023-03-08,Nellore,0.41
2023-03-09,Nellore,1.22
2023-03-10,Nellore,4.08
2023-03-11,Nellore,0.53
2023-03-12,Nellore,5.11
2023-03-13,Nellore,5.35
2023-03-14,Nellore,2.12
2023-03-15,Nellore,0.02
2023-03-16,Nellore,1.01
2023-03-17,Nellore,2.88
2023-03-18,Nellore,11.92
2023-03-19,Nellore,3.0
2023-03-20,Nellore,0.9
2023-03-21,Nellore,3.02
2023-03-22,Nellore,2.33
2023-03-23,Nellore,4.54
2023-03-24,Nellore,0.34
2023-03-25,Nellore,4.29
2023-03-26,Nellore,2.34
2023-03-27,Nellore,9.89
2023-03-28,Nellore,1.26
2023-03-29,Nellore,3.0
2023-03-30,Nellore,8.07
2023-03-31,Nellore,0.32
2023-04-01,Nellore,8.3
2023-04-02,Nellore,3.49
2023-04-03,Nellore,0.21
2023-04-04,Nellore,1.07
2023-04-05,Nellore,3.69
2023-04-06,Nellore,0.21
2023-04-07,Nellore,2.62
2023-04-08,Nellore,1.27
2023-04-09,Nellore,2.91
2023-04-10,Nellore,0.14
2023-04-11,Nellore,6.16
2023-04-12,Nellore,10.89
2023-04-13,Nellore,10.41
2023-04-14,Nellore,4.15
2023-04-15,Nellore,0.42
2023-04-16,Nellore,4.26
2023-04-17,Nellore,0.07
2023-04-18,Nellore,0.07
2023-04-19,Nellore,1.17
2023-04-20,Nellore,2.01
2023-04-21,Nellore,4.41
2023-04-22,Nellore,3.45
2023-04-23,Nellore,1.77
2023-04-24,Nellore,0.96
2023-04-25,Nellore,17.55
2023-04-26,Nellore,1.67
2023-04-27,Nellore,1.8
2023-04-28,Nellore,0.54
2023-04-29,Nellore,4.75
2023-04-30,Nellore,3.55
2023-05-01,Nellore,0.75
2023-05-02,Nellore,0.26
2023-05-03,Nellore,3.42
2023-05-04,Nellore,3.19
2023-05-05,Nellore,0.96
2023-05-06,Nellore,9.04
2023-05-07,Nellore,0.49
2023-05-08,Nellore,1.7
2023-05-09,Nellore,8.63
2023-05-10,Nellore,1.63
2023-05-11,Nellore,3.05
2023-05-12,Nellore,1.52
2023-05-13,Nellore,0.96
2023-05-14,Nellore,12.4
2023-05-15,Nellore,1.58
2023-05-16,Nellore,6.74
2023-05-17,Nellore,0.78
2023-05-18,Nellore,0.72
2023-05-19,Nellore,0.09
2023-05-20,Nellore,3.16
2023-05-21,Nellore,1.38
2023-05-22,Nellore,5.99
2023-05-23,Nellore,1.92
2023-05-24,Nellore,10.34
2023-05-25,Nellore,0.62
2023-05-26,Nellore,6.09
2023-05-27,Nellore,4.5
2023-05-28,Nellore,4.42
2023-05-29,Nellore,5.59
2023-05-30,Nellore,4.29
2023-05-31,Nellore,2.95
2023-06-01,Nellore,2.81
2023-06-02,Nellore,0.66
2023-06-03,Nellore,50.73
2023-06-04,Nellore,19.18
2023-06-05,Nellore,31.85
2023-06-06,Nellore,13.14
2023-06-07,Nellore,2.5
2023-06-08,Nellore,2.67
2023-06-09,Nellore,23.14
2023-06-10,Nellore,11.25
2023-06-11,Nellore,4.48
2023-06-12,Nellore,13.53
2023-06-13,Nellore,1.33
2023-06-14,Nellore,17.44
2023-06-15,Nellore,6.27
2023-06-16,Nellore,31.95
2023-06-17,Nellore,7.43
2023-06-18,Nellore,12.15
2023-06-19,Nellore,0.23
2023-06-20,Nellore,1.5
2023-06-21,Nellore,9.97
2023-06-22,Nellore,13.08
2023-06-23,Nellore,18.33
2023-06-24,Nellore,6.9
2023-06-25,Nellore,23.75
2023-06-26,Nellore,39.34
2023-06-27,Nellore,30.27
2023-06-28,Nellore,0.81
2023-06-29,Nellore,13.1
2023-06-30,Nellore,2.22
2023-07-01,Nellore,5.54
2023-07-02,Nellore,86.34
2023-07-03,Nellore,3.07
2023-07-04,Nellore,13.82
2023-07-05,Nellore,19.25
2023-07-06,Nellore,24.24
2023-07-07,Nellore,16.4
2023-07-08,Nellore,0.2
2023-07-09,Nellore,7.9
2023-07-10,Nellore,14.58
2023-07-11,Nellore,1.84
2023-07-12,Nellore,8.63
2023-07-13,Nellore,0.68
2023-07-14,Nellore,1.64
2023-07-15,Nellore,10.11
2023-07-16,Nellore,2.85
2023-07-17,Nellore,16.77
2023-07-18,Nellore,23.39
2023-07-19,Nellore,32.25
2023-07-20,Nellore,4.47
2023-07-21,Nellore,3.67
2023-07-22,Nellore,2.21
2023-07-23,Nellore,20.24
2023-07-24,Nellore,24.52
2023-07-25,Nellore,0.64
2023-07-26,Nellore,55.04
2023-07-27,Nellore,1.07
2023-07-28,Nellore,15.59
2023-07-29,Nellore,24.69
2023-07-30,Nellore,40.95
2023-07-31,Nellore,25.04
2023-08-01,Nellore,32.36
2023-08-02,Nellore,8.29
2023-08-03,Nellore,33.73
2023-08-04,Nellore,1.67
2023-08-05,Nellore,45.04
2023-08-06,Nellore,15.86
2023-08-07,Nellore,34.0
2023-08-08,Nellore,12.04
2023-08-09,Nellore,20.63
2023-08-10,Nellore,14.95
2023-08-11,Nellore,26.3
2023-08-12,Nellore,1.7
2023-08-13,Nellore,1.25
2023-08-14,Nellore,5.68
2023-08-15,Nellore,3.48
2023-08-16,Nellore,41.08
2023-08-17,Nellore,4.95
2023-08-18,Nellore,74.48
2023-08-19,Nellore,8.22
2023-08-20,Nellore,4.02
2023-08-21,Nellore,31.18
2023-08-22,Nellore,21.5
2023-08-23,Nellore,13.79
2023-08-24,Nellore,16.21
2023-08-25,Nellore,25.4
2023-08-26,Nellore,5.19
2023-08-27,Nellore,112.17
2023-08-28,Nellore,73.61
2023-08-29,Nellore,21.02
2023-08-30,Nellore,4.45
2023-08-31,Nellore,22.8
2023-09-01,Nellore,1.5
2023-09-02,Nellore,0.62
2023-09-03,Nellore,5.96
2023-09-04,Nellore,12.42
2023-09-05,Nellore,40.54
2023-09-06,Nellore,25.98
2023-09-07,Nellore,27.15
2023-09-08,Nellore,11.08
2023-09-09,Nellore,8.49
2023-09-10,Nellore,9.27
2023-09-11,Nellore,87.88
2023-09-12,Nellore,0.82
2023-09-13,Nellore,40.35
2023-09-14,Nellore,17.29
2023-09-15,Nellore,11.55
2023-09-16,Nellore,25.84
2023-09-17,Nellore,13.34
2023-09-18,Nellore,41.34
2023-09-19,Nellore,46.19
2023-09-20,Nellore,10.95
2023-09-21,Nellore,6.48
2023-09-22,Nellore,17.95
2023-09-23,Nellore,48.69
2023-09-24,Nellore,4.73
2023-09-25,Nellore,19.51
2023-09-26,Nellore,19.97
2023-09-27,Nellore,26.42
2023-09-28,Nellore,2.82
2023-09-29,Nellore,25.16
2023-09-30,Nellore,47.95
2023-10-01,Nellore,0.59
2023-10-02,Nellore,0.81
2023-10-03,Nellore,10.66
2023-10-04,Nellore,0.6
2023-10-05,Nellore,5.78
2023-10-06,Nellore,2.03
2023-10-07,Nellore,0.85
2023-10-08,Nellore,6.14
2023-10-09,Nellore,1.77
2023-10-10,Nellore,2.17
2023-10-11,Nellore,1.34
2023-10-12,Nellore,2.7
2023-10-13,Nellore,0.54
2023-10-14,Nellore,1.49
2023-10-15,Nellore,10.46
2023-10-16,Nellore,0.9
2023-10-17,Nellore,3.21
2023-10-18,Nellore,1.18
2023-10-19,Nellore,4.45
2023-10-20,Nellore,0.42
2023-10-21,Nellore,10.5
2023-10-22,Nellore,1.81
2023-10-23,Nellore,0.81
2023-10-24,Nellore,0.23
2023-10-25,Nellore,0.56
2023-10-26,Nellore,2.2
2023-10-27,Nellore,1.23
2023-10-28,Nellore,5.3
2023-10-29,Nellore,1.69
2023-10-30,Nellore,0.86
2023-10-31,Nellore,2.88
2023-11-01,Nellore,3.68
2023-11-02,Nellore,0.55
2023-11-03,Nellore,0.55
2023-11-04,Nellore,0.11
2023-11-05,Nellore,4.0
2023-11-06,Nellore,3.27
2023-11-07,Nellore,1.93
2023-11-08,Nellore,5.58
2023-11-09,Nellore,4.91
2023-11-10,Nellore,2.64
2023-11-11,Nellore,6.08
2023-11-12,Nellore,0.69
2023-11-13,Nellore,0.36
2023-11-14,Nellore,0.94
2023-11-15,Nellore,0.18
2023-11-16,Nellore,2.27
2023-11-17,Nellore,8.28
2023-11-18,Nellore,0.12
2023-11-19,Nellore,0.39
2023-11-20,Nellore,1.81
2023-11-21,Nellore,8.15
2023-11-22,Nellore,1.14
2023-11-23,Nellore,2.12
2023-11-24,Nellore,0.13
2023-11-25,Nellore,0.48
2023-11-26,Nellore,12.94
2023-11-27,Nellore,10.07
2023-11-28,Nellore,0.01
2023-11-29,Nellore,9.1
2023-11-30,Nellore,3.06
2023-12-01,Nellore,6.07
2023-12-02,Nellore,1.82
2023-12-03,Nellore,2.17
2023-12-04,Nellore,2.01
2023-12-05,Nellore,3.3
2023-12-06,Nellore,0.45
2023-12-07,Nellore,0.09
2023-12-08,Nellore,1.1
2023-12-09,Nellore,3.66
2023-12-10,Nellore,0.68
2023-12-11,Nellore,3.36
2023-12-12,Nellore,10.51
2023-12-13,Nellore,0.3
2023-12-14,Nellore,3.35
2023-12-15,Nellore,1.76
2023-12-16,Nellore,6.08
2023-12-17,Nellore,0.58
2023-12-18,Nellore,3.54
2023-12-19,Nellore,5.46
2023-12-20,Nellore,8.68
2023-12-21,Nellore,3.45
2023-12-22,Nellore,2.06
2023-12-23,Nellore,2.89
2023-12-24,Nellore,6.1
2023-12-25,Nellore,2.54
2023-12-26,Nellore,0.09
2023-12-27,Nellore,8.02
2023-12-28,Nellore,3.51
2023-12-29,Nellore,3.39
2023-12-30,Nellore,0.73
2023-12-31,Nellore,3.23
2023-01-01,Visakhapatnam,1.5
2023-01-02,Visakhapatnam,3.16
2023-01-03,Visakhapatnam,0.34
2023-01-04,Visakhapatnam,3.22
2023-01-05,Visakhapatnam,22.33
2023-01-06,Visakhapatnam,0.15
2023-01-07,Visakhapatnam,11.34
2023-01-08,Visakhapatnam,1.57
2023-01-09,Visakhapatnam,6.14
2023-01-10,Visakhapatnam,4.58
2023-01-11,Visakhapatnam,2.51
2023-01-12,Visakhapatnam,4.02
2023-01-13,Visakhapatnam,6.32
2023-01-14,Visakhapatnam,1.55
2023-01-15,Visakhapatnam,1.19
2023-01-16,Visakhapatnam,3.3
2023-01-17,Visakhapatnam,4.95
2023-01-18,Visakhapatnam,4.31
2023-01-19,Visakhapatnam,4.8
2023-01-20,Visakhapatnam,1.72
2023-01-21,Visakhapatnam,5.11
2023-01-22,Visakhapatnam,0.38
2023-01-23,Visakhapatnam,2.36
2023-01-24,Visakhapatnam,0.02
2023-01-25,Visakhapatnam,1.18
2023-01-26,Visakhapatnam,1.37
2023-01-27,Visakhapatnam,1.51
2023-01-28,Visakhapatnam,3.57
2023-01-29,Visakhapatnam,1.48
2023-01-30,Visakhapatnam,1.79
2023-01-31,Visakhapatnam,0.81
2023-02-01,Visakhapatnam,1.4
2023-02-02,Visakhapatnam,0.77
2023-02-03,Visakhapatnam,0.23
2023-02-04,Visakhapatnam,2.77
2023-02-05,Visakhapatnam,3.31
2023-02-06,Visakhapatnam,2.9
2023-02-07,Visakhapatnam,1.87
2023-02-08,Visakhapatnam,1.43
2023-02-09,Visakhapatnam,5.97
2023-02-10,Visakhapatnam,2.2
2023-02-11,Visakhapatnam,1.96
2023-02-12,Visakhapatnam,0.08
2023-02-13,Visakhapatnam,1.25
2023-02-14,Visakhapatnam,1.44
2023-02-15,Visakhapatnam,1.53
2023-02-16,Visakhapatnam,2.6
2023-02-17,Visakhapatnam,2.29
2023-02-18,Visakhapatnam,2.81
2023-02-19,Visakhapatnam,4.34
2023-02-20,Visakhapatnam,5.03
2023-02-21,Visakhapatnam,3.8
2023-02-22,Visakhapatnam,9.34
2023-02-23,Visakhapatnam,0.06
2023-02-24,Visakhapatnam,0.65
2023-02-25,Visakhapatnam,0.02
2023-02-26,Visakhapatnam,3.13
2023-02-27,Visakhapatnam,6.85
2023-02-28,Visakhapatnam,0.84
2023-03-01,Visakhapatnam,7.85
2023-03-02,Visakhapatnam,0.19
2023-03-03,Visakhapatnam,8.17
2023-03-04,Visakhapatnam,1.3
2023-03-05,Visakhapatnam,0.32
2023-03-06,Visakhapatnam,2.0
2023-03-07,Visakhapatnam,0.89
2023-03-08,Visakhapatnam,1.01
2023-03-09,Visakhapatnam,1.1
2023-03-10,Visakhapatnam,4.87
2023-03-11,Visakhapatnam,2.32
2023-03-12,Visakhapatnam,1.12
2023-03-13,Visakhapatnam,2.83
2023-03-14,Visakhapatnam,3.78
2023-03-15,Visakhapatnam,0.95
2023-03-16,Visakhapatnam,1.6
2023-03-17,Visakhapatnam,0.39
2023-03-18,Visakhapatnam,0.6
2023-03-19,Visakhapatnam,3.43
2023-03-20,Visakhapatnam,0.6
2023-03-21,Visakhapatnam,2.23
2023-03-22,Visakhapatnam,3.7
2023-03-23,Visakhapatnam,0.34
2023-03-24,Visakhapatnam,2.51
2023-03-25,Visakhapatnam,0.89
2023-03-26,Visakhapatnam,9.88
2023-03-27,Visakhapatnam,1.98
2023-03-28,Visakhapatnam,4.92
2023-03-29,Visakhapatnam,2.4
2023-03-30,Visakhapatnam,0.13
2023-03-31,Visakhapatnam,3.01
2023-04-01,Visakhapatnam,9.07
2023-04-02,Visakhapatnam,2.76
2023-04-03,Visakhapatnam,5.13
2023-04-04,Visakhapatnam,6.47
2023-04-05,Visakhapatnam,0.78
2023-04-06,Visakhapatnam,0.71
2023-04-07,Visakhapatnam,2.83
2023-04-08,Visakhapatnam,1.59
2023-04-09,Visakhapatnam,5.5
2023-04-10,Visakhapatnam,6.91
2023-04-11,Visakhapatnam,1.31
2023-04-12,Visakhapatnam,0.81
2023-04-13,Visakhapatnam,4.55
2023-04-14,Visakhapatnam,0.96
2023-04-15,Visakhapatnam,5.19
2023-04-16,Visakhapatnam,1.65
2023-04-17,Visakhapatnam,3.3
2023-04-18,Visakhapatnam,0.3
2023-04-19,Visakhapatnam,2.93
2023-04-20,Visakhapatnam,1.8
2023-04-21,Visakhapatnam,2.65
2023-04-22,Visakhapatnam,0.55
2023-04-23,Visakhapatnam,4.01
2023-04-24,Visakhapatnam,5.96
2023-04-25,Visakhapatnam,0.73
2023-04-26,Visakhapatnam,0.3
2023-04-27,Visakhapatnam,0.07
2023-04-28,Visakhapatnam,3.08
2023-04-29,Visakhapatnam,2.8
2023-04-30,Visakhapatnam,2.37
2023-05-01,Visakhapatnam,0.79
2023-05-02,Visakhapatnam,1.49
2023-05-03,Visakhapatnam,2.71
2023-05-04,Visakhapatnam,2.06
2023-05-05,Visakhapatnam,13.22
2023-05-06,Visakhapatnam,0.44
2023-05-07,Visakhapatnam,3.56
2023-05-08,Visakhapatnam,1.55
2023-05-09,Visakhapatnam,1.68
2023-05-10,Visakhapatnam,3.79
2023-05-11,Visakhapatnam,3.54
2023-05-12,Visakhapatnam,14.22
2023-05-13,Visakhapatnam,0.41
2023-05-14,Visakhapatnam,0.33
2023-05-15,Visakhapatnam,3.87
2023-05-16,Visakhapatnam,2.59
2023-05-17,Visakhapatnam,0.96
2023-05-18,Visakhapatnam,0.25
2023-05-19,Visakhapatnam,0.27
2023-05-20,Visakhapatnam,6.74
2023-05-21,Visakhapatnam,0.64
2023-05-22,Visakhapatnam,1.17
2023-05-23,Visakhapatnam,0.77
2023-05-24,Visakhapatnam,1.32
2023-05-25,Visakhapatnam,0.22
2023-05-26,Visakhapatnam,2.2
2023-05-27,Visakhapatnam,0.21
2023-05-28,Visakhapatnam,4.83
2023-05-29,Visakhapatnam,0.8
2023-05-30,Visakhapatnam,2.33
2023-05-31,Visakhapatnam,6.36
2023-06-01,Visakhapatnam,21.05
2023-06-02,Visakhapatnam,15.23
2023-06-03,Visakhapatnam,7.84
2023-06-04,Visakhapatnam,8.1
2023-06-05,Visakhapatnam,22.14
2023-06-06,Visakhapatnam,102.79
2023-06-07,Visakhapatnam,21.68
2023-06-08,Visakhapatnam,16.32
2023-06-09,Visakhapatnam,26.23
2023-06-10,Visakhapatnam,12.52
2023-06-11,Visakhapatnam,1.24
2023-06-12,Visakhapatnam,16.52
2023-06-13,Visakhapatnam,63.22
2023-06-14,Visakhapatnam,3.85
2023-06-15,Visakhapatnam,23.42
2023-06-16,Visakhapatnam,4.49
2023-06-17,Visakhapatnam,15.35
2023-06-18,Visakhapatnam,2.03
2023-06-19,Visakhapatnam,11.97
2023-06-20,Visakhapatnam,28.23
2023-06-21,Visakhapatnam,8.54
2023-06-22,Visakhapatnam,21.87
2023-06-23,Visakhapatnam,31.74
2023-06-24,Visakhapatnam,52.39
2023-06-25,Visakhapatnam,5.35
2023-06-26,Visakhapatnam,10.19
2023-06-27,Visakhapatnam,3.31
2023-06-28,Visakhapatnam,97.81
2023-06-29,Visakhapatnam,52.35
2023-06-30,Visakhapatnam,15.53
2023-07-01,Visakhapatnam,36.91
2023-07-02,Visakhapatnam,14.72
2023-07-03,Visakhapatnam,19.54
2023-07-04,Visakhapatnam,1.87
2023-07-05,Visakhapatnam,28.15
2023-07-06,Visakhapatnam,2.73
2023-07-07,Visakhapatnam,34.98
2023-07-08,Visakhapatnam,30.47
2023-07-09,Visakhapatnam,24.67
2023-07-10,Visakhapatnam,0.74
2023-07-11,Visakhapatnam,7.22
2023-07-12,Visakhapatnam,6.11
2023-07-13,Visakhapatnam,8.93
2023-07-14,Visakhapatnam,1.83
2023-07-15,Visakhapatnam,55.28
2023-07-16,Visakhapatnam,16.14
2023-07-17,Visakhapatnam,7.29
2023-07-18,Visakhapatnam,10.12
2023-07-19,Visakhapatnam,11.86
2023-07-20,Visakhapatnam,18.36
2023-07-21,Visakhapatnam,14.5
2023-07-22,Visakhapatnam,50.36
2023-07-23,Visakhapatnam,13.74
2023-07-24,Visakhapatnam,96.97
2023-07-25,Visakhapatnam,38.13
2023-07-26,Visakhapatnam,4.68
2023-07-27,Visakhapatnam,53.36
2023-07-28,Visakhapatnam,2.47
2023-07-29,Visakhapatnam,34.01
2023-07-30,Visakhapatnam,9.58
2023-07-31,Visakhapatnam,42.07
2023-08-01,Visakhapatnam,40.51
2023-08-02,Visakhapatnam,32.79
2023-08-03,Visakhapatnam,31.22
2023-08-04,Visakhapatnam,7.27
2023-08-05,Visakhapatnam,1.69
2023-08-06,Visakhapatnam,10.32
2023-08-07,Visakhapatnam,3.81
2023-08-08,Visakhapatnam,23.75
2023-08-09,Visakhapatnam,8.5
2023-08-10,Visakhapatnam,74.27
2023-08-11,Visakhapatnam,20.49
2023-08-12,Visakhapatnam,34.57
2023-08-13,Visakhapatnam,2.84
2023-08-14,Visakhapatnam,39.61
2023-08-15,Visakhapatnam,51.22
2023-08-16,Visakhapatnam,13.35
2023-08-17,Visakhapatnam,18.64
2023-08-18,Visakhapatnam,28.95
2023-08-19,Visakhapatnam,3.84
2023-08-20,Visakhapatnam,13.97
2023-08-21,Visakhapatnam,10.17
2023-08-22,Visakhapatnam,3.17
2023-08-23,Visakhapatnam,9.16
2023-08-24,Visakhapatnam,1.41
2023-08-25,Visakhapatnam,0.52
2023-08-26,Visakhapatnam,2.9
2023-08-27,Visakhapatnam,66.0
2023-08-28,Visakhapatnam,15.95
2023-08-29,Visakhapatnam,67.52
2023-08-30,Visakhapatnam,11.33
2023-08-31,Visakhapatnam,7.47
2023-09-01,Visakhapatnam,14.11
2023-09-02,Visakhapatnam,11.58
2023-09-03,Visakhapatnam,2.23
2023-09-04,Visakhapatnam,20.48
2023-09-05,Visakhapatnam,4.87
2023-09-06,Visakhapatnam,19.33
2023-09-07,Visakhapatnam,21.01
2023-09-08,Visakhapatnam,3.3
2023-09-09,Visakhapatnam,1.27
2023-09-10,Visakhapatnam,30.35
2023-09-11,Visakhapatnam,12.32
2023-09-12,Visakhapatnam,1.2
2023-09-13,Visakhapatnam,105.44
2023-09-14,Visakhapatnam,1.19
2023-09-15,Visakhapatnam,23.75
2023-09-16,Visakhapatnam,82.31
2023-09-17,Visakhapatnam,5.47
2023-09-18,Visakhapatnam,3.07
2023-09-19,Visakhapatnam,2.59
2023-09-20,Visakhapatnam,7.23
2023-09-21,Visakhapatnam,2.13
2023-09-22,Visakhapatnam,23.56
2023-09-23,Visakhapatnam,1.29
2023-09-24,Visakhapatnam,14.24
2023-09-25,Visakhapatnam,114.26
2023-09-26,Visakhapatnam,33.64
2023-09-27,Visakhapatnam,19.1
2023-09-28,Visakhapatnam,7.31
2023-09-29,Visakhapatnam,19.56
2023-09-30,Visakhapatnam,14.97
2023-10-01,Visakhapatnam,1.67
2023-10-02,Visakhapatnam,0.42
2023-10-03,Visakhapatnam,6.53
2023-10-04,Visakhapatnam,1.79
2023-10-05,Visakhapatnam,0.65
2023-10-06,Visakhapatnam,1.38
2023-10-07,Visakhapatnam,1.6
2023-10-08,Visakhapatnam,5.27
2023-10-09,Visakhapatnam,3.97
2023-10-10,Visakhapatnam,4.4
2023-10-11,Visakhapatnam,0.03
2023-10-12,Visakhapatnam,1.61
2023-10-13,Visakhapatnam,1.97
2023-10-14,Visakhapatnam,0.06
2023-10-15,Visakhapatnam,0.9
2023-10-16,Visakhapatnam,4.28
2023-10-17,Visakhapatnam,0.44
2023-10-18,Visakhapatnam,2.3
2023-10-19,Visakhapatnam,0.73
2023-10-20,Visakhapatnam,0.04
2023-10-21,Visakhapatnam,0.83
2023-10-22,Visakhapatnam,11.17
2023-10-23,Visakhapatnam,4.85
2023-10-24,Visakhapatnam,9.63
2023-10-25,Visakhapatnam,2.01
2023-10-26,Visakhapatnam,0.35
2023-10-27,Visakhapatnam,2.38
2023-10-28,Visakhapatnam,1.82
2023-10-29,Visakhapatnam,5.58
2023-10-30,Visakhapatnam,0.31
2023-10-31,Visakhapatnam,2.01
2023-11-01,Visakhapatnam,0.49
2023-11-02,Visakhapatnam,1.18
2023-11-03,Visakhapatnam,4.01
2023-11-04,Visakhapatnam,1.94
2023-11-05,Visakhapatnam,1.41
2023-11-06,Visakhapatnam,1.5
2023-11-07,Visakhapatnam,1.85
2023-11-08,Visakhapatnam,4.61
2023-11-09,Visakhapatnam,6.68
2023-11-10,Visakhapatnam,9.33
2023-11-11,Visakhapatnam,4.64
2023-11-12,Visakhapatnam,1.14
2023-11-13,Visakhapatnam,3.5
2023-11-14,Visakhapatnam,1.73
2023-11-15,Visakhapatnam,0.88
2023-11-16,Visakhapatnam,5.51
2023-11-17,Visakhapatnam,0.12
2023-11-18,Visakhapatnam,6.96
2023-11-19,Visakhapatnam,1.86
2023-11-20,Visakhapatnam,3.04
2023-11-21,Visakhapatnam,3.23
2023-11-22,Visakhapatnam,6.76
2023-11-23,Visakhapatnam,3.04
2023-11-24,Visakhapatnam,2.86
2023-11-25,Visakhapatnam,0.21
2023-11-26,Visakhapatnam,2.19
2023-11-27,Visakhapatnam,0.49
2023-11-28,Visakhapatnam,4.01
2023-11-29,Visakhapatnam,2.15
2023-11-30,Visakhapatnam,3.42
2023-12-01,Visakhapatnam,0.13
2023-12-02,Visakhapatnam,0.27
2023-12-03,Visakhapatnam,3.78
2023-12-04,Visakhapatnam,0.22
2023-12-05,Visakhapatnam,0.22
2023-12-06,Visakhapatnam,0.04
2023-12-07,Visakhapatnam,9.41
2023-12-08,Visakhapatnam,4.01
2023-12-09,Visakhapatnam,1.31
2023-12-10,Visakhapatnam,1.06
2023-12-11,Visakhapatnam,1.29
2023-12-12,Visakhapatnam,4.47
2023-12-13,Visakhapatnam,3.25
2023-12-14,Visakhapatnam,0.61
2023-12-15,Visakhapatnam,0.57
2023-12-16,Visakhapatnam,0.31
2023-12-17,Visakhapatnam,3.24
2023-12-18,Visakhapatnam,4.34
2023-12-19,Visakhapatnam,0.92
2023-12-20,Visakhapatnam,0.06
2023-12-21,Visakhapatnam,0.26
2023-12-22,Visakhapatnam,10.31
2023-12-23,Visakhapatnam,1.05
2023-12-24,Visakhapatnam,4.4
2023-12-25,Visakhapatnam,2.94
2023-12-26,Visakhapatnam,1.44
2023-12-27,Visakhapatnam,0.69
2023-12-28,Visakhapatnam,0.39
2023-12-29,Visakhapatnam,2.86
2023-12-30,Visakhapatnam,4.47
2023-12-31,Visakhapatnam,3.1
2023-01-01,Rajahmundry,2.27
2023-01-02,Rajahmundry,0.13
2023-01-03,Rajahmundry,10.37
2023-01-04,Rajahmundry,4.81
2023-01-05,Rajahmundry,1.04
2023-01-06,Rajahmundry,11.73
2023-01-07,Rajahmundry,2.76
2023-01-08,Rajahmundry,2.62
2023-01-09,Rajahmundry,4.14
2023-01-10,Rajahmundry,5.01
2023-01-11,Rajahmundry,3.21
2023-01-12,Rajahmundry,0.41
2023-01-13,Rajahmundry,1.24
2023-01-14,Rajahmundry,7.9
2023-01-15,Rajahmundry,0.76
2023-01-16,Rajahmundry,1.4
2023-01-17,Rajahmundry,1.7
2023-01-18,Rajahmundry,1.74
2023-01-19,Rajahmundry,2.85
2023-01-20,Rajahmundry,8.6
2023-01-21,Rajahmundry,0.83
2023-01-22,Rajahmundry,0.39
2023-01-23,Rajahmundry,0.66
2023-01-24,Rajahmundry,6.54
2023-01-25,Rajahmundry,3.11
2023-01-26,Rajahmundry,1.01
2023-01-27,Rajahmundry,5.08
2023-01-28,Rajahmundry,5.93
2023-01-29,Rajahmundry,5.62
2023-01-30,Rajahmundry,7.54
2023-01-31,Rajahmundry,0.87
2023-02-01,Rajahmundry,4.22
2023-02-02,Rajahmundry,1.85
2023-02-03,Rajahmundry,5.54
2023-02-04,Rajahmundry,3.91
2023-02-05,Rajahmundry,4.49
2023-02-06,Rajahmundry,3.2
2023-02-07,Rajahmundry,0.59
2023-02-08,Rajahmundry,2.36
2023-02-09,Rajahmundry,12.53
2023-02-10,Rajahmundry,8.31
2023-02-11,Rajahmundry,0.13
2023-02-12,Rajahmundry,0.54
2023-02-13,Rajahmundry,0.42
2023-02-14,Rajahmundry,3.88
2023-02-15,Rajahmundry,5.11
2023-02-16,Rajahmundry,0.72
2023-02-17,Rajahmundry,2.11
2023-02-18,Rajahmundry,5.51
2023-02-19,Rajahmundry,3.96
2023-02-20,Rajahmundry,2.34
2023-02-21,Rajahmundry,2.68
2023-02-22,Rajahmundry,2.13
2023-02-23,Rajahmundry,1.06
2023-02-24,Rajahmundry,2.5
2023-02-25,Rajahmundry,3.5
2023-02-26,Rajahmundry,6.2
2023-02-27,Rajahmundry,3.03
2023-02-28,Rajahmundry,4.3
2023-03-01,Rajahmundry,0.52
2023-03-02,Rajahmundry,1.86
2023-03-03,Rajahmundry,0.03
2023-03-04,Rajahmundry,0.85
2023-03-05,Rajahmundry,3.89
2023-03-06,Rajahmundry,14.41
2023-03-07,Rajahmundry,0.31
2023-03-08,Rajahmundry,1.54
2023-03-09,Rajahmundry,4.83
2023-03-10,Rajahmundry,0.68
2023-03-11,Rajahmundry,2.43
2023-03-12,Rajahmundry,3.96
2023-03-13,Rajahmundry,2.87
2023-03-14,Rajahmundry,0.62
2023-03-15,Rajahmundry,1.32
2023-03-16,Rajahmundry,4.59
2023-03-17,Rajahmundry,2.42
2023-03-18,Rajahmundry,0.02
2023-03-19,Rajahmundry,4.29
2023-03-20,Rajahmundry,0.11
2023-03-21,Rajahmundry,4.11
2023-03-22,Rajahmundry,0.68
2023-03-23,Rajahmundry,9.52
2023-03-24,Rajahmundry,1.38
2023-03-25,Rajahmundry,1.19
2023-03-26,Rajahmundry,0.48
2023-03-27,Rajahmundry,1.09
2023-03-28,Rajahmundry,6.28
2023-03-29,Rajahmundry,16.83
2023-03-30,Rajahmundry,1.38
2023-03-31,Rajahmundry,1.79
2023-04-01,Rajahmundry,3.84
2023-04-02,Rajahmundry,6.52
2023-04-03,Rajahmundry,2.7
2023-04-04,Rajahmundry,1.49
2023-04-05,Rajahmundry,1.6
2023-04-06,Rajahmundry,3.57
2023-04-07,Rajahmundry,0.01
2023-04-08,Rajahmundry,2.9
2023-04-09,Rajahmundry,1.32
2023-04-10,Rajahmundry,4.74
2023-04-11,Rajahmundry,0.29
2023-04-12,Rajahmundry,2.66
2023-04-13,Rajahmundry,1.97
2023-04-14,Rajahmundry,3.08
2023-04-15,Rajahmundry,0.2
2023-04-16,Rajahmundry,2.6
2023-04-17,Rajahmundry,2.47
2023-04-18,Rajahmundry,2.47
2023-04-19,Rajahmundry,2.78
2023-04-20,Rajahmundry,3.39
2023-04-21,Rajahmundry,4.9
2023-04-22,Rajahmundry,0.94
2023-04-23,Rajahmundry,5.23
2023-04-24,Rajahmundry,2.07
2023-04-25,Rajahmundry,0.24
2023-04-26,Rajahmundry,0.18
2023-04-27,Rajahmundry,1.22
2023-04-28,Rajahmundry,4.61
2023-04-29,Rajahmundry,3.69
2023-04-30,Rajahmundry,4.66
2023-05-01,Rajahmundry,2.18
2023-05-02,Rajahmundry,1.74
2023-05-03,Rajahmundry,0.48
2023-05-04,Rajahmundry,1.19
2023-05-05,Rajahmundry,1.71
2023-05-06,Rajahmundry,0.28
2023-05-07,Rajahmundry,0.75
2023-05-08,Rajahmundry,2.74
2023-05-09,Rajahmundry,3.99
2023-05-10,Rajahmundry,19.22
2023-05-11,Rajahmundry,8.11
2023-05-12,Rajahmundry,3.09
2023-05-13,Rajahmundry,1.64
2023-05-14,Rajahmundry,3.03
2023-05-15,Rajahmundry,4.62
2023-05-16,Rajahmundry,0.38
2023-05-17,Rajahmundry,1.58
2023-05-18,Rajahmundry,5.49
2023-05-19,Rajahmundry,1.45
2023-05-20,Rajahmundry,2.55
2023-05-21,Rajahmundry,2.66
2023-05-22,Rajahmundry,0.61
2023-05-23,Rajahmundry,1.35
2023-05-24,Rajahmundry,1.22
2023-05-25,Rajahmundry,0.08
2023-05-26,Rajahmundry,0.07
2023-05-27,Rajahmundry,5.35
2023-05-28,Rajahmundry,0.96
2023-05-29,Rajahmundry,2.19
2023-05-30,Rajahmundry,1.06
2023-05-31,Rajahmundry,8.47
2023-06-01,Rajahmundry,6.0
2023-06-02,Rajahmundry,11.23
2023-06-03,Rajahmundry,41.23
2023-06-04,Rajahmundry,36.89
2023-06-05,Rajahmundry,4.12
2023-06-06,Rajahmundry,32.45
2023-06-07,Rajahmundry,12.26
2023-06-08,Rajahmundry,13.19
2023-06-09,Rajahmundry,2.87
2023-06-10,Rajahmundry,1.68
2023-06-11,Rajahmundry,26.03
2023-06-12,Rajahmundry,13.72
2023-06-13,Rajahmundry,11.48
2023-06-14,Rajahmundry,26.15
2023-06-15,Rajahmundry,29.01
2023-06-16,Rajahmundry,3.46
2023-06-17,Rajahmundry,18.84
2023-06-18,Rajahmundry,2.91
2023-06-19,Rajahmundry,27.84
2023-06-20,Rajahmundry,21.4
2023-06-21,Rajahmundry,62.75
2023-06-22,Rajahmundry,1.43
2023-06-23,Rajahmundry,1.17
2023-06-24,Rajahmundry,6.63
2023-06-25,Rajahmundry,6.07
2023-06-26,Rajahmundry,5.67
2023-06-27,Rajahmundry,47.34
2023-06-28,Rajahmundry,5.74
2023-06-29,Rajahmundry,6.35
2023-06-30,Rajahmundry,28.49
2023-07-01,Rajahmundry,11.95
2023-07-02,Rajahmundry,29.99
2023-07-03,Rajahmundry,1.35
2023-07-04,Rajahmundry,13.37
2023-07-05,Rajahmundry,0.68
2023-07-06,Rajahmundry,1.29
2023-07-07,Rajahmundry,47.38
2023-07-08,Rajahmundry,3.0
2023-07-09,Rajahmundry,15.2
2023-07-10,Rajahmundry,10.59
2023-07-11,Rajahmundry,8.53
2023-07-12,Rajahmundry,46.02
2023-07-13,Rajahmundry,0.44
2023-07-14,Rajahmundry,21.8
2023-07-15,Rajahmundry,66.15
2023-07-16,Rajahmundry,16.43
2023-07-17,Rajahmundry,55.24
2023-07-18,Rajahmundry,1.07
2023-07-19,Rajahmundry,10.85
2023-07-20,Rajahmundry,6.03
2023-07-21,Rajahmundry,26.25
2023-07-22,Rajahmundry,79.58
2023-07-23,Rajahmundry,5.93
2023-07-24,Rajahmundry,21.24
2023-07-25,Rajahmundry,4.42
2023-07-26,Rajahmundry,16.66
2023-07-27,Rajahmundry,12.47
2023-07-28,Rajahmundry,71.51
2023-07-29,Rajahmundry,18.76
2023-07-30,Rajahmundry,8.6
2023-07-31,Rajahmundry,2.42
2023-08-01,Rajahmundry,3.28
2023-08-02,Rajahmundry,5.11
2023-08-03,Rajahmundry,5.78
2023-08-04,Rajahmundry,38.02
2023-08-05,Rajahmundry,16.48
2023-08-06,Rajahmundry,14.82
2023-08-07,Rajahmundry,2.44
2023-08-08,Rajahmundry,39.34
2023-08-09,Rajahmundry,25.66
2023-08-10,Rajahmundry,1.4
2023-08-11,Rajahmundry,24.61
2023-08-12,Rajahmundry,15.69
2023-08-13,Rajahmundry,1.71
2023-08-14,Rajahmundry,12.26
2023-08-15,Rajahmundry,13.26
2023-08-16,Rajahmundry,3.63
2023-08-17,Rajahmundry,58.26
2023-08-18,Rajahmundry,37.94
2023-08-19,Rajahmundry,22.11
2023-08-20,Rajahmundry,12.41
2023-08-21,Rajahmundry,10.61
2023-08-22,Rajahmundry,21.05
2023-08-23,Rajahmundry,15.77
2023-08-24,Rajahmundry,1.29
2023-08-25,Rajahmundry,14.37
2023-08-26,Rajahmundry,32.84
2023-08-27,Rajahmundry,12.3
2023-08-28,Rajahmundry,1.07
2023-08-29,Rajahmundry,30.86
2023-08-30,Rajahmundry,4.5
2023-08-31,Rajahmundry,5.98
2023-09-01,Rajahmundry,3.6
2023-09-02,Rajahmundry,8.02
2023-09-03,Rajahmundry,28.27
2023-09-04,Rajahmundry,14.65
2023-09-05,Rajahmundry,4.59
2023-09-06,Rajahmundry,42.05
2023-09-07,Rajahmundry,42.34
2023-09-08,Rajahmundry,40.89
2023-09-09,Rajahmundry,5.46
2023-09-10,Rajahmundry,12.0
2023-09-11,Rajahmundry,83.98
2023-09-12,Rajahmundry,29.57
2023-09-13,Rajahmundry,0.55
2023-09-14,Rajahmundry,1.35
2023-09-15,Rajahmundry,12.47
2023-09-16,Rajahmundry,47.99
2023-09-17,Rajahmundry,15.47
2023-09-18,Rajahmundry,13.78
2023-09-19,Rajahmundry,2.23
2023-09-20,Rajahmundry,21.39
2023-09-21,Rajahmundry,34.53
2023-09-22,Rajahmundry,9.57
2023-09-23,Rajahmundry,29.89
2023-09-24,Rajahmundry,66.75
2023-09-25,Rajahmundry,4.56
2023-09-26,Rajahmundry,14.82
2023-09-27,Rajahmundry,6.77
2023-09-28,Rajahmundry,31.49
2023-09-29,Rajahmundry,17.24
2023-09-30,Rajahmundry,20.13
2023-10-01,Rajahmundry,4.8
2023-10-02,Rajahmundry,1.51
2023-10-03,Rajahmundry,7.4
2023-10-04,Rajahmundry,2.28
2023-10-05,Rajahmundry,0.52
2023-10-06,Rajahmundry,3.57
2023-10-07,Rajahmundry,4.73
2023-10-08,Rajahmundry,1.14
2023-10-09,Rajahmundry,5.84
2023-10-10,Rajahmundry,7.1
2023-10-11,Rajahmundry,0.97
2023-10-12,Rajahmundry,12.32
2023-10-13,Rajahmundry,0.45
2023-10-14,Rajahmundry,0.68
2023-10-15,Rajahmundry,0.61
2023-10-16,Rajahmundry,6.73
2023-10-17,Rajahmundry,3.19
2023-10-18,Rajahmundry,0.49
2023-10-19,Rajahmundry,1.74
2023-10-20,Rajahmundry,2.87
2023-10-21,Rajahmundry,0.26
2023-10-22,Rajahmundry,6.42
2023-10-23,Rajahmundry,4.88
2023-10-24,Rajahmundry,2.11
2023-10-25,Rajahmundry,10.25
2023-10-26,Rajahmundry,1.62
2023-10-27,Rajahmundry,12.43
2023-10-28,Rajahmundry,3.31
2023-10-29,Rajahmundry,3.02
2023-10-30,Rajahmundry,0.54
2023-10-31,Rajahmundry,6.41
2023-11-01,Rajahmundry,1.67
2023-11-02,Rajahmundry,0.53
2023-11-03,Rajahmundry,0.04
2023-11-04,Rajahmundry,2.46
2023-11-05,Rajahmundry,2.25
2023-11-06,Rajahmundry,3.81
2023-11-07,Rajahmundry,6.63
2023-11-08,Rajahmundry,0.25
2023-11-09,Rajahmundry,3.94
2023-11-10,Rajahmundry,0.62
2023-11-11,Rajahmundry,5.86
2023-11-12,Rajahmundry,5.13
2023-11-13,Rajahmundry,2.33
2023-11-14,Rajahmundry,3.72
2023-11-15,Rajahmundry,1.13
2023-11-16,Rajahmundry,1.91
2023-11-17,Rajahmundry,5.17
2023-11-18,Rajahmundry,1.84
2023-11-19,Rajahmundry,1.33
2023-11-20,Rajahmundry,2.04
2023-11-21,Rajahmundry,5.29
2023-11-22,Rajahmundry,1.22
2023-11-23,Rajahmundry,0.57
2023-11-24,Rajahmundry,3.73
2023-11-25,Rajahmundry,5.25
2023-11-26,Rajahmundry,0.32
2023-11-27,Rajahmundry,0.82
2023-11-28,Rajahmundry,0.46
2023-11-29,Rajahmundry,1.28
2023-11-30,Rajahmundry,1.8
2023-12-01,Rajahmundry,4.14
2023-12-02,Rajahmundry,3.16
2023-12-03,Rajahmundry,2.91
2023-12-04,Rajahmundry,1.3
2023-12-05,Rajahmundry,5.53
2023-12-06,Rajahmundry,1.91
2023-12-07,Rajahmundry,11.6
2023-12-08,Rajahmundry,3.02
2023-12-09,Rajahmundry,0.4
2023-12-10,Rajahmundry,3.38
2023-12-11,Rajahmundry,1.18
2023-12-12,Rajahmundry,3.48
2023-12-13,Rajahmundry,0.22
2023-12-14,Rajahmundry,0.58
2023-12-15,Rajahmundry,5.81
2023-12-16,Rajahmundry,0.77
2023-12-17,Rajahmundry,5.44
2023-12-18,Rajahmundry,0.98
2023-12-19,Rajahmundry,3.09
2023-12-20,Rajahmundry,3.55
2023-12-21,Rajahmundry,2.16
2023-12-22,Rajahmundry,1.09
2023-12-23,Rajahmundry,0.72
2023-12-24,Rajahmundry,0.1
2023-12-25,Rajahmundry,1.09
2023-12-26,Rajahmundry,3.18
2023-12-27,Rajahmundry,8.36
2023-12-28,Rajahmundry,6.15
2023-12-29,Rajahmundry,4.36
2023-12-30,Rajahmundry,4.66
2023-12-31,Rajahmundry,3.28
2023-01-01,Tirupati,0.9
2023-01-02,Tirupati,7.13
2023-01-03,Tirupati,3.33
2023-01-04,Tirupati,2.47
2023-01-05,Tirupati,0.35
2023-01-06,Tirupati,1.78
2023-01-07,Tirupati,1.85
2023-01-08,Tirupati,6.0
2023-01-09,Tirupati,2.37
2023-01-10,Tirupati,1.44
2023-01-11,Tirupati,11.29
2023-01-12,Tirupati,0.35
2023-01-13,Tirupati,1.65
2023-01-14,Tirupati,0.13
2023-01-15,Tirupati,4.04
2023-01-16,Tirupati,7.51
2023-01-17,Tirupati,0.99
2023-01-18,Tirupati,5.86
2023-01-19,Tirupati,1.04
2023-01-20,Tirupati,7.25
2023-01-21,Tirupati,4.21
2023-01-22,Tirupati,4.9
2023-01-23,Tirupati,0.05
2023-01-24,Tirupati,9.88
2023-01-25,Tirupati,3.89
2023-01-26,Tirupati,1.09
2023-01-27,Tirupati,5.31
2023-01-28,Tirupati,0.99
2023-01-29,Tirupati,6.18
2023-01-30,Tirupati,0.36
2023-01-31,Tirupati,3.65
2023-02-01,Tirupati,2.33
2023-02-02,Tirupati,0.3
2023-02-03,Tirupati,0.83
2023-02-04,Tirupati,0.04
2023-02-05,Tirupati,1.9
2023-02-06,Tirupati,1.08
2023-02-07,Tirupati,2.74
2023-02-08,Tirupati,1.06
2023-02-09,Tirupati,1.07
2023-02-10,Tirupati,4.08
2023-02-11,Tirupati,0.15
2023-02-12,Tirupati,7.0
2023-02-13,Tirupati,5.74
2023-02-14,Tirupati,3.31
2023-02-15,Tirupati,2.7
2023-02-16,Tirupati,6.69
2023-02-17,Tirupati,0.61
2023-02-18,Tirupati,0.25
2023-02-19,Tirupati,0.82
2023-02-20,Tirupati,4.75
2023-02-21,Tirupati,0.11
2023-02-22,Tirupati,2.62
2023-02-23,Tirupati,16.17
2023-02-24,Tirupati,5.81
2023-02-25,Tirupati,2.21
2023-02-26,Tirupati,0.2
2023-02-27,Tirupati,5.34
2023-02-28,Tirupati,2.74
2023-03-01,Tirupati,0.37
2023-03-02,Tirupati,0.3
2023-03-03,Tirupati,7.21
2023-03-04,Tirupati,3.32
2023-03-05,Tirupati,5.3
2023-03-06,Tirupati,6.34
2023-03-07,Tirupati,2.54
2023-03-08,Tirupati,2.19
2023-03-09,Tirupati,1.69
2023-03-10,Tirupati,1.14
2023-03-11,Tirupati,1.71
2023-03-12,Tirupati,4.46
2023-03-13,Tirupati,2.76
2023-03-14,Tirupati,6.69
2023-03-15,Tirupati,1.76
2023-03-16,Tirupati,2.8
2023-03-17,Tirupati,2.99
2023-03-18,Tirupati,2.69
2023-03-19,Tirupati,3.64
2023-03-20,Tirupati,0.81
2023-03-21,Tirupati,2.15
2023-03-22,Tirupati,0.33
2023-03-23,Tirupati,1.46
2023-03-24,Tirupati,2.01
2023-03-25,Tirupati,3.17
2023-03-26,Tirupati,9.02
2023-03-27,Tirupati,2.75
2023-03-28,Tirupati,4.08
2023-03-29,Tirupati,2.12
2023-03-30,Tirupati,3.02
2023-03-31,Tirupati,0.22
2023-04-01,Tirupati,0.88
2023-04-02,Tirupati,1.35
2023-04-03,Tirupati,1.92
2023-04-04,Tirupati,0.14
2023-04-05,Tirupati,0.45
2023-04-06,Tirupati,0.97
2023-04-07,Tirupati,10.68
2023-04-08,Tirupati,1.21
2023-04-09,Tirupati,1.97
2023-04-10,Tirupati,0.65
2023-04-11,Tirupati,2.83
2023-04-12,Tirupati,0.99
2023-04-13,Tirupati,0.7
2023-04-14,Tirupati,2.18
2023-04-15,Tirupati,0.02
2023-04-16,Tirupati,0.02
2023-04-17,Tirupati,0.74
2023-04-18,Tirupati,0.11
2023-04-19,Tirupati,0.34
2023-04-20,Tirupati,1.24
2023-04-21,Tirupati,4.87
2023-04-22,Tirupati,2.55
2023-04-23,Tirupati,2.16
2023-04-24,Tirupati,1.04
2023-04-25,Tirupati,8.05
2023-04-26,Tirupati,1.52
2023-04-27,Tirupati,0.27
2023-04-28,Tirupati,2.88
2023-04-29,Tirupati,0.36
2023-04-30,Tirupati,1.27
2023-05-01,Tirupati,2.12
2023-05-02,Tirupati,6.22
2023-05-03,Tirupati,2.04
2023-05-04,Tirupati,3.63
2023-05-05,Tirupati,14.81
2023-05-06,Tirupati,0.42
2023-05-07,Tirupati,0.96
2023-05-08,Tirupati,1.51
2023-05-09,Tirupati,1.64
2023-05-10,Tirupati,1.59
2023-05-11,Tirupati,7.15
2023-05-12,Tirupati,3.76
2023-05-13,Tirupati,2.81
2023-05-14,Tirupati,1.11
2023-05-15,Tirupati,5.21
2023-05-16,Tirupati,9.31
2023-05-17,Tirupati,5.16
2023-05-18,Tirupati,0.0
2023-05-19,Tirupati,3.04
2023-05-20,Tirupati,0.16
2023-05-21,Tirupati,0.89
2023-05-22,Tirupati,0.18
2023-05-23,Tirupati,2.78
2023-05-24,Tirupati,3.48
2023-05-25,Tirupati,0.36
2023-05-26,Tirupati,1.45
2023-05-27,Tirupati,1.83
2023-05-28,Tirupati,1.38
2023-05-29,Tirupati,0.39
2023-05-30,Tirupati,1.63
2023-05-31,Tirupati,4.17
2023-06-01,Tirupati,1.47
2023-06-02,Tirupati,1.67
2023-06-03,Tirupati,8.76
2023-06-04,Tirupati,56.85
2023-06-05,Tirupati,22.09
2023-06-06,Tirupati,22.71
2023-06-07,Tirupati,8.99
2023-06-08,Tirupati,18.01
2023-06-09,Tirupati,0.2
2023-06-10,Tirupati,20.22
2023-06-11,Tirupati,48.9
2023-06-12,Tirupati,18.96
2023-06-13,Tirupati,41.38
2023-06-14,Tirupati,25.75
2023-06-15,Tirupati,2.57
2023-06-16,Tirupati,46.55
2023-06-17,Tirupati,1.38
2023-06-18,Tirupati,15.27
2023-06-19,Tirupati,3.07
2023-06-20,Tirupati,0.24
2023-06-21,Tirupati,10.96
2023-06-22,Tirupati,6.99
2023-06-23,Tirupati,13.31
2023-06-24,Tirupati,17.22
2023-06-25,Tirupati,0.89
2023-06-26,Tirupati,2.63
2023-06-27,Tirupati,16.36
2023-06-28,Tirupati,8.41
2023-06-29,Tirupati,26.13
2023-06-30,Tirupati,21.13
2023-07-01,Tirupati,37.36
2023-07-02,Tirupati,23.59
2023-07-03,Tirupati,11.24
2023-07-04,Tirupati,22.35
2023-07-05,Tirupati,6.44
2023-07-06,Tirupati,7.31
2023-07-07,Tirupati,31.12
2023-07-08,Tirupati,11.83
2023-07-09,Tirupati,32.03
2023-07-10,Tirupati,34.57
2023-07-11,Tirupati,38.98
2023-07-12,Tirupati,49.69
2023-07-13,Tirupati,11.28
2023-07-14,Tirupati,7.68
2023-07-15,Tirupati,17.45
2023-07-16,Tirupati,9.28
2023-07-17,Tirupati,18.38
2023-07-18,Tirupati,24.46
2023-07-19,Tirupati,23.32
2023-07-20,Tirupati,9.39
2023-07-21,Tirupati,3.65
2023-07-22,Tirupati,11.26
2023-07-23,Tirupati,3.08
2023-07-24,Tirupati,44.16
2023-07-25,Tirupati,8.49
2023-07-26,Tirupati,3.36
2023-07-27,Tirupati,0.52
2023-07-28,Tirupati,20.76
2023-07-29,Tirupati,20.26
2023-07-30,Tirupati,8.33
2023-07-31,Tirupati,1.49
2023-08-01,Tirupati,10.54
2023-08-02,Tirupati,7.46
2023-08-03,Tirupati,22.61
2023-08-04,Tirupati,18.62
2023-08-05,Tirupati,9.07
2023-08-06,Tirupati,4.92
2023-08-07,Tirupati,88.52
2023-08-08,Tirupati,12.1
2023-08-09,Tirupati,23.31
2023-08-10,Tirupati,3.03
2023-08-11,Tirupati,13.29
2023-08-12,Tirupati,0.56
2023-08-13,Tirupati,14.08
2023-08-14,Tirupati,66.49
2023-08-15,Tirupati,9.7
2023-08-16,Tirupati,0.8
2023-08-17,Tirupati,0.63
2023-08-18,Tirupati,9.82
2023-08-19,Tirupati,3.49
2023-08-20,Tirupati,0.47
2023-08-21,Tirupati,28.23
2023-08-22,Tirupati,12.27
2023-08-23,Tirupati,6.83
2023-08-24,Tirupati,46.07
2023-08-25,Tirupati,2.47
2023-08-26,Tirupati,62.43
2023-08-27,Tirupati,7.54
2023-08-28,Tirupati,43.86
2023-08-29,Tirupati,18.47
2023-08-30,Tirupati,35.06
2023-08-31,Tirupati,82.72
2023-09-01,Tirupati,6.8
2023-09-02,Tirupati,64.95
2023-09-03,Tirupati,9.87
2023-09-04,Tirupati,9.74
2023-09-05,Tirupati,8.32
2023-09-06,Tirupati,15.59
2023-09-07,Tirupati,3.35
2023-09-08,Tirupati,16.14
2023-09-09,Tirupati,15.6
2023-09-10,Tirupati,28.7
2023-09-11,Tirupati,35.87
2023-09-12,Tirupati,11.61
2023-09-13,Tirupati,7.2
2023-09-14,Tirupati,6.0
2023-09-15,Tirupati,4.33
2023-09-16,Tirupati,1.19
2023-09-17,Tirupati,8.38
2023-09-18,Tirupati,6.3
2023-09-19,Tirupati,67.87
2023-09-20,Tirupati,16.32
2023-09-21,Tirupati,8.53
2023-09-22,Tirupati,17.37
2023-09-23,Tirupati,3.0
2023-09-24,Tirupati,11.74
2023-09-25,Tirupati,19.68
2023-09-26,Tirupati,13.42
2023-09-27,Tirupati,10.28
2023-09-28,Tirupati,101.82
2023-09-29,Tirupati,42.46
2023-09-30,Tirupati,19.53
2023-10-01,Tirupati,2.53
2023-10-02,Tirupati,2.91
2023-10-03,Tirupati,0.67
2023-10-04,Tirupati,1.51
2023-10-05,Tirupati,0.12
2023-10-06,Tirupati,1.94
2023-10-07,Tirupati,2.35
2023-10-08,Tirupati,0.78
2023-10-09,Tirupati,9.98
2023-10-10,Tirupati,7.21
2023-10-11,Tirupati,3.84
2023-10-12,Tirupati,2.29
2023-10-13,Tirupati,6.12
2023-10-14,Tirupati,0.42
2023-10-15,Tirupati,4.69
2023-10-16,Tirupati,0.4
2023-10-17,Tirupati,4.74
2023-10-18,Tirupati,0.97
2023-10-19,Tirupati,6.29
2023-10-20,Tirupati,8.65
2023-10-21,Tirupati,0.48
2023-10-22,Tirupati,1.86
2023-10-23,Tirupati,11.89
2023-10-24,Tirupati,1.98
2023-10-25,Tirupati,5.98
2023-10-26,Tirupati,2.67
2023-10-27,Tirupati,1.41
2023-10-28,Tirupati,1.01
2023-10-29,Tirupati,0.68
2023-10-30,Tirupati,4.3
2023-10-31,Tirupati,1.47
2023-11-01,Tirupati,2.15
2023-11-02,Tirupati,2.03
2023-11-03,Tirupati,2.58
2023-11-04,Tirupati,6.02
2023-11-05,Tirupati,11.85
2023-11-06,Tirupati,1.57
2023-11-07,Tirupati,5.27
2023-11-08,Tirupati,4.34
2023-11-09,Tirupati,2.56
2023-11-10,Tirupati,9.37
2023-11-11,Tirupati,0.67
2023-11-12,Tirupati,0.35
2023-11-13,Tirupati,5.77
2023-11-14,Tirupati,1.73
2023-11-15,Tirupati,5.63
2023-11-16,Tirupati,6.71
2023-11-17,Tirupati,0.19
2023-11-18,Tirupati,6.45
2023-11-19,Tirupati,1.78
2023-11-20,Tirupati,2.14
2023-11-21,Tirupati,2.96
2023-11-22,Tirupati,7.83
2023-11-23,Tirupati,0.06
2023-11-24,Tirupati,1.94
2023-11-25,Tirupati,3.49
2023-11-26,Tirupati,3.85
2023-11-27,Tirupati,3.54
2023-11-28,Tirupati,0.43
2023-11-29,Tirupati,1.07
2023-11-30,Tirupati,1.33
2023-12-01,Tirupati,4.9
2023-12-02,Tirupati,0.98
2023-12-03,Tirupati,0.71
2023-12-04,Tirupati,9.47
2023-12-05,Tirupati,0.03
2023-12-06,Tirupati,18.39
2023-12-07,Tirupati,3.39
2023-12-08,Tirupati,5.29
2023-12-09,Tirupati,1.05
2023-12-10,Tirupati,0.04
2023-12-11,Tirupati,4.02
2023-12-12,Tirupati,5.39
2023-12-13,Tirupati,4.05
2023-12-14,Tirupati,0.46
2023-12-15,Tirupati,4.2
2023-12-16,Tirupati,4.4
2023-12-17,Tirupati,3.22
2023-12-18,Tirupati,4.36
2023-12-19,Tirupati,5.61
2023-12-20,Tirupati,2.85
2023-12-21,Tirupati,0.28
2023-12-22,Tirupati,2.01
2023-12-23,Tirupati,0.24
2023-12-24,Tirupati,1.57
2023-12-25,Tirupati,1.57
2023-12-26,Tirupati,0.2
2023-12-27,Tirupati,1.29
2023-12-28,Tirupati,0.35
2023-12-29,Tirupati,4.95
2023-12-30,Tirupati,8.85
2023-12-31,Tirupati,0.23
2023-01-01,Kakinada,9.31
2023-01-02,Kakinada,2.22
2023-01-03,Kakinada,1.07
2023-01-04,Kakinada,0.24
2023-01-05,Kakinada,2.08
2023-01-06,Kakinada,4.75
2023-01-07,Kakinada,3.68
2023-01-08,Kakinada,0.15
2023-01-09,Kakinada,0.23
2023-01-10,Kakinada,1.55
2023-01-11,Kakinada,1.05
2023-01-12,Kakinada,0.79
2023-01-13,Kakinada,0.99
2023-01-14,Kakinada,4.88
2023-01-15,Kakinada,7.94
2023-01-16,Kakinada,1.56
2023-01-17,Kakinada,7.1
2023-01-18,Kakinada,1.16
2023-01-19,Kakinada,1.94
2023-01-20,Kakinada,0.77
2023-01-21,Kakinada,3.07
2023-01-22,Kakinada,11.59
2023-01-23,Kakinada,2.78
2023-01-24,Kakinada,1.33
2023-01-25,Kakinada,3.13
2023-01-26,Kakinada,0.39
2023-01-27,Kakinada,6.59
2023-01-28,Kakinada,2.1
2023-01-29,Kakinada,1.79
2023-01-30,Kakinada,2.64
2023-01-31,Kakinada,2.94
2023-02-01,Kakinada,0.22
2023-02-02,Kakinada,3.44
2023-02-03,Kakinada,0.83
2023-02-04,Kakinada,3.75
2023-02-05,Kakinada,5.19
2023-02-06,Kakinada,4.89
2023-02-07,Kakinada,2.41
2023-02-08,Kakinada,2.2
2023-02-09,Kakinada,0.46
2023-02-10,Kakinada,4.48
2023-02-11,Kakinada,0.95
2023-02-12,Kakinada,2.06
2023-02-13,Kakinada,1.0
2023-02-14,Kakinada,0.43
2023-02-15,Kakinada,2.98
2023-02-16,Kakinada,0.17
2023-02-17,Kakinada,4.14
2023-02-18,Kakinada,1.15
2023-02-19,Kakinada,0.0
2023-02-20,Kakinada,2.15
2023-02-21,Kakinada,0.14
2023-02-22,Kakinada,0.97
2023-02-23,Kakinada,3.68
2023-02-24,Kakinada,0.19
2023-02-25,Kakinada,5.49
2023-02-26,Kakinada,0.01
2023-02-27,Kakinada,0.85
2023-02-28,Kakinada,4.05
2023-03-01,Kakinada,1.14
2023-03-02,Kakinada,0.32
2023-03-03,Kakinada,1.34
2023-03-04,Kakinada,0.95
2023-03-05,Kakinada,5.55
2023-03-06,Kakinada,1.13
2023-03-07,Kakinada,4.67
2023-03-08,Kakinada,6.67
2023-03-09,Kakinada,1.71
2023-03-10,Kakinada,7.22
2023-03-11,Kakinada,1.42
2023-03-12,Kakinada,9.98
2023-03-13,Kakinada,0.28
2023-03-14,Kakinada,3.48
2023-03-15,Kakinada,2.04
2023-03-16,Kakinada,1.47
2023-03-17,Kakinada,3.0
2023-03-18,Kakinada,3.65
2023-03-19,Kakinada,0.01
2023-03-20,Kakinada,0.55
2023-03-21,Kakinada,3.75
2023-03-22,Kakinada,3.29
2023-03-23,Kakinada,10.15
2023-03-24,Kakinada,4.29
2023-03-25,Kakinada,9.03
2023-03-26,Kakinada,3.64
2023-03-27,Kakinada,1.06
2023-03-28,Kakinada,0.33
2023-03-29,Kakinada,4.57
2023-03-30,Kakinada,3.1
2023-03-31,Kakinada,0.15
2023-04-01,Kakinada,1.34
2023-04-02,Kakinada,9.43
2023-04-03,Kakinada,2.08
2023-04-04,Kakinada,1.7
2023-04-05,Kakinada,1.84
2023-04-06,Kakinada,0.7
2023-04-07,Kakinada,1.38
2023-04-08,Kakinada,1.39
2023-04-09,Kakinada,0.16
2023-04-10,Kakinada,4.38
2023-04-11,Kakinada,1.62
2023-04-12,Kakinada,5.18
2023-04-13,Kakinada,5.7
2023-04-14,Kakinada,0.71
2023-04-15,Kakinada,3.21
2023-04-16,Kakinada,1.92
2023-04-17,Kakinada,6.36
2023-04-18,Kakinada,0.73
2023-04-19,Kakinada,3.4
2023-04-20,Kakinada,2.81
2023-04-21,Kakinada,1.05
2023-04-22,Kakinada,0.44
2023-04-23,Kakinada,3.16
2023-04-24,Kakinada,4.03
2023-04-25,Kakinada,1.14
2023-04-26,Kakinada,3.11
2023-04-27,Kakinada,1.51
2023-04-28,Kakinada,3.75
2023-04-29,Kakinada,0.67
2023-04-30,Kakinada,6.63
2023-05-01,Kakinada,1.02
2023-05-02,Kakinada,1.38
2023-05-03,Kakinada,0.18
2023-05-04,Kakinada,0.35
2023-05-05,Kakinada,2.18
2023-05-06,Kakinada,0.93
2023-05-07,Kakinada,5.41
2023-05-08,Kakinada,0.04
2023-05-09,Kakinada,1.43
2023-05-10,Kakinada,1.23
2023-05-11,Kakinada,0.06
2023-05-12,Kakinada,0.4
2023-05-13,Kakinada,1.6
2023-05-14,Kakinada,2.04
2023-05-15,Kakinada,1.55
2023-05-16,Kakinada,2.27
2023-05-17,Kakinada,2.71
2023-05-18,Kakinada,0.03
2023-05-19,Kakinada,1.87
2023-05-20,Kakinada,9.93
2023-05-21,Kakinada,2.2
2023-05-22,Kakinada,3.4
2023-05-23,Kakinada,1.12
2023-05-24,Kakinada,4.46
2023-05-25,Kakinada,4.45
2023-05-26,Kakinada,2.21
2023-05-27,Kakinada,11.19
2023-05-28,Kakinada,0.4
2023-05-29,Kakinada,0.05
2023-05-30,Kakinada,4.41
2023-05-31,Kakinada,4.94
2023-06-01,Kakinada,2.56
2023-06-02,Kakinada,6.17
2023-06-03,Kakinada,0.35
2023-06-04,Kakinada,6.94
2023-06-05,Kakinada,29.67
2023-06-06,Kakinada,14.59
2023-06-07,Kakinada,8.56
2023-06-08,Kakinada,9.3
2023-06-09,Kakinada,0.03
2023-06-10,Kakinada,7.13
2023-06-11,Kakinada,20.8
2023-06-12,Kakinada,73.14
2023-06-13,Kakinada,37.55
2023-06-14,Kakinada,0.48
2023-06-15,Kakinada,45.77
2023-06-16,Kakinada,30.58
2023-06-17,Kakinada,30.32
2023-06-18,Kakinada,12.25
2023-06-19,Kakinada,10.15
2023-06-20,Kakinada,7.22
2023-06-21,Kakinada,1.36
2023-06-22,Kakinada,5.18
2023-06-23,Kakinada,5.66
2023-06-24,Kakinada,13.24
2023-06-25,Kakinada,27.52
2023-06-26,Kakinada,12.84
2023-06-27,Kakinada,1.19
2023-06-28,Kakinada,63.3
2023-06-29,Kakinada,57.2
2023-06-30,Kakinada,30.76
2023-07-01,Kakinada,94.95
2023-07-02,Kakinada,15.73
2023-07-03,Kakinada,65.81
2023-07-04,Kakinada,1.57
2023-07-05,Kakinada,9.1
2023-07-06,Kakinada,5.11
2023-07-07,Kakinada,4.36
2023-07-08,Kakinada,3.04
2023-07-09,Kakinada,19.48
2023-07-10,Kakinada,30.4
2023-07-11,Kakinada,17.27
2023-07-12,Kakinada,3.18
2023-07-13,Kakinada,33.33
2023-07-14,Kakinada,20.21
2023-07-15,Kakinada,9.83
2023-07-16,Kakinada,22.43
2023-07-17,Kakinada,6.02
2023-07-18,Kakinada,8.47
2023-07-19,Kakinada,49.9
2023-07-20,Kakinada,6.86
2023-07-21,Kakinada,12.7
2023-07-22,Kakinada,44.17
2023-07-23,Kakinada,24.6
2023-07-24,Kakinada,1.28
2023-07-25,Kakinada,3.19
2023-07-26,Kakinada,0.16
2023-07-27,Kakinada,19.93
2023-07-28,Kakinada,11.87
2023-07-29,Kakinada,2.88
2023-07-30,Kakinada,63.37
2023-07-31,Kakinada,15.09
2023-08-01,Kakinada,5.54
2023-08-02,Kakinada,13.89
2023-08-03,Kakinada,22.76
2023-08-04,Kakinada,1.59
2023-08-05,Kakinada,6.42
2023-08-06,Kakinada,32.9
2023-08-07,Kakinada,12.31
2023-08-08,Kakinada,15.82
2023-08-09,Kakinada,11.34
2023-08-10,Kakinada,0.9
2023-08-11,Kakinada,3.62
2023-08-12,Kakinada,11.8
2023-08-13,Kakinada,4.69
2023-08-14,Kakinada,1.03
2023-08-15,Kakinada,37.11
2023-08-16,Kakinada,79.47
2023-08-17,Kakinada,31.51
2023-08-18,Kakinada,38.45
2023-08-19,Kakinada,5.54
2023-08-20,Kakinada,64.69
2023-08-21,Kakinada,4.39
2023-08-22,Kakinada,60.49
2023-08-23,Kakinada,105.26
2023-08-24,Kakinada,24.88
2023-08-25,Kakinada,79.42
2023-08-26,Kakinada,16.86
2023-08-27,Kakinada,6.01
2023-08-28,Kakinada,11.49
2023-08-29,Kakinada,18.01
2023-08-30,Kakinada,1.52
2023-08-31,Kakinada,19.48
2023-09-01,Kakinada,79.45
2023-09-02,Kakinada,4.22
2023-09-03,Kakinada,31.46
2023-09-04,Kakinada,47.7
2023-09-05,Kakinada,57.54
2023-09-06,Kakinada,64.45
2023-09-07,Kakinada,14.74
2023-09-08,Kakinada,75.71
2023-09-09,Kakinada,28.32
2023-09-10,Kakinada,3.53
2023-09-11,Kakinada,12.96
2023-09-12,Kakinada,25.34
2023-09-13,Kakinada,5.68
2023-09-14,Kakinada,20.47
2023-09-15,Kakinada,21.97
2023-09-16,Kakinada,3.55
2023-09-17,Kakinada,16.65
2023-09-18,Kakinada,29.54
2023-09-19,Kakinada,13.82
2023-09-20,Kakinada,0.24
2023-09-21,Kakinada,0.18
2023-09-22,Kakinada,8.83
2023-09-23,Kakinada,52.13
2023-09-24,Kakinada,5.19
2023-09-25,Kakinada,20.12
2023-09-26,Kakinada,5.02
2023-09-27,Kakinada,7.76
2023-09-28,Kakinada,37.68
2023-09-29,Kakinada,26.1
2023-09-30,Kakinada,2.01
2023-10-01,Kakinada,1.68
2023-10-02,Kakinada,0.09
2023-10-03,Kakinada,1.97
2023-10-04,Kakinada,3.26
2023-10-05,Kakinada,0.38
2023-10-06,Kakinada,1.02
2023-10-07,Kakinada,1.52
2023-10-08,Kakinada,7.56
2023-10-09,Kakinada,15.0
2023-10-10,Kakinada,0.14
2023-10-11,Kakinada,4.29
2023-10-12,Kakinada,1.39
2023-10-13,Kakinada,1.5
2023-10-14,Kakinada,4.21
2023-10-15,Kakinada,7.52
2023-10-16,Kakinada,9.04
2023-10-17,Kakinada,2.58
2023-10-18,Kakinada,1.33
2023-10-19,Kakinada,4.65
2023-10-20,Kakinada,0.87
2023-10-21,Kakinada,2.49
2023-10-22,Kakinada,1.33
2023-10-23,Kakinada,3.21
2023-10-24,Kakinada,0.82
2023-10-25,Kakinada,0.64
2023-10-26,Kakinada,7.51
2023-10-27,Kakinada,0.32
2023-10-28,Kakinada,2.12
2023-10-29,Kakinada,0.75
2023-10-30,Kakinada,0.12
2023-10-31,Kakinada,0.11
2023-11-01,Kakinada,0.58
2023-11-02,Kakinada,6.05
2023-11-03,Kakinada,1.0
2023-11-04,Kakinada,9.01
2023-11-05,Kakinada,2.61
2023-11-06,Kakinada,1.72
2023-11-07,Kakinada,2.6
2023-11-08,Kakinada,2.18
2023-11-09,Kakinada,4.27
2023-11-10,Kakinada,1.0
2023-11-11,Kakinada,1.31
2023-11-12,Kakinada,6.74
2023-11-13,Kakinada,8.78
2023-11-14,Kakinada,6.69
2023-11-15,Kakinada,1.63
2023-11-16,Kakinada,4.55
2023-11-17,Kakinada,1.94
2023-11-18,Kakinada,2.06
2023-11-19,Kakinada,0.69
2023-11-20,Kakinada,2.68
2023-11-21,Kakinada,0.62
2023-11-22,Kakinada,1.21
2023-11-23,Kakinada,5.79
2023-11-24,Kakinada,0.7
2023-11-25,Kakinada,0.22
2023-11-26,Kakinada,0.21
2023-11-27,Kakinada,8.48
2023-11-28,Kakinada,2.12
2023-11-29,Kakinada,1.58
2023-11-30,Kakinada,5.0
2023-12-01,Kakinada,5.42
2023-12-02,Kakinada,1.21
2023-12-03,Kakinada,3.55
2023-12-04,Kakinada,4.42
2023-12-05,Kakinada,3.19
2023-12-06,Kakinada,0.49
2023-12-07,Kakinada,6.26
2023-12-08,Kakinada,2.32
2023-12-09,Kakinada,1.0
2023-12-10,Kakinada,1.66
2023-12-11,Kakinada,0.11
2023-12-12,Kakinada,0.41
2023-12-13,Kakinada,4.35
2023-12-14,Kakinada,0.0
2023-12-15,Kakinada,1.62
2023-12-16,Kakinada,2.22
2023-12-17,Kakinada,0.17
2023-12-18,Kakinada,10.84
2023-12-19,Kakinada,0.77
2023-12-20,Kakinada,1.09
2023-12-21,Kakinada,1.09
2023-12-22,Kakinada,0.79
2023-12-23,Kakinada,0.0
2023-12-24,Kakinada,3.92
2023-12-25,Kakinada,10.22
2023-12-26,Kakinada,0.76
2023-12-27,Kakinada,3.26
2023-12-28,Kakinada,4.06
2023-12-29,Kakinada,5.66
2023-12-30,Kakinada,1.65
2023-12-31,Kakinada,1.08
2023-01-01,Ongole,1.18
2023-01-02,Ongole,3.74
2023-01-03,Ongole,5.09
2023-01-04,Ongole,0.6
2023-01-05,Ongole,1.39
2023-01-06,Ongole,6.97
2023-01-07,Ongole,4.93
2023-01-08,Ongole,12.57
2023-01-09,Ongole,4.21
2023-01-10,Ongole,1.5
2023-01-11,Ongole,2.68
2023-01-12,Ongole,3.25
2023-01-13,Ongole,0.25
2023-01-14,Ongole,2.36
2023-01-15,Ongole,3.71
2023-01-16,Ongole,0.55
2023-01-17,Ongole,4.55
2023-01-18,Ongole,2.63
2023-01-19,Ongole,9.12
2023-01-20,Ongole,0.13
2023-01-21,Ongole,0.92
2023-01-22,Ongole,2.76
2023-01-23,Ongole,1.06
2023-01-24,Ongole,3.76
2023-01-25,Ongole,4.27
2023-01-26,Ongole,0.32
2023-01-27,Ongole,2.16
2023-01-28,Ongole,2.13
2023-01-29,Ongole,1.38
2023-01-30,Ongole,8.11
2023-01-31,Ongole,5.27
2023-02-01,Ongole,3.58
2023-02-02,Ongole,3.76
2023-02-03,Ongole,1.86
2023-02-04,Ongole,7.61
2023-02-05,Ongole,3.56
2023-02-06,Ongole,3.92
2023-02-07,Ongole,5.93
2023-02-08,Ongole,0.96
2023-02-09,Ongole,4.94
2023-02-10,Ongole,0.65
2023-02-11,Ongole,1.27
2023-02-12,Ongole,1.23
2023-02-13,Ongole,11.52
2023-02-14,Ongole,5.83
2023-02-15,Ongole,3.62
2023-02-16,Ongole,3.9
2023-02-17,Ongole,2.48
2023-02-18,Ongole,8.82
2023-02-19,Ongole,2.06
2023-02-20,Ongole,1.44
2023-02-21,Ongole,0.53
2023-02-22,Ongole,4.63
2023-02-23,Ongole,3.98
2023-02-24,Ongole,1.46
2023-02-25,Ongole,0.08
2023-02-26,Ongole,5.48
2023-02-27,Ongole,0.03
2023-02-28,Ongole,3.65
2023-03-01,Ongole,10.55
2023-03-02,Ongole,1.73
2023-03-03,Ongole,0.8
2023-03-04,Ongole,3.66
2023-03-05,Ongole,5.1
2023-03-06,Ongole,2.37
2023-03-07,Ongole,10.24
2023-03-08,Ongole,0.16
2023-03-09,Ongole,2.11
2023-03-10,Ongole,3.8
2023-03-11,Ongole,5.96
2023-03-12,Ongole,0.59
2023-03-13,Ongole,4.83
2023-03-14,Ongole,2.41
2023-03-15,Ongole,1.52
2023-03-16,Ongole,0.42
2023-03-17,Ongole,6.01
2023-03-18,Ongole,0.51
2023-03-19,Ongole,1.11
2023-03-20,Ongole,1.03
2023-03-21,Ongole,6.15
2023-03-22,Ongole,3.35
2023-03-23,Ongole,4.78
2023-03-24,Ongole,0.86
2023-03-25,Ongole,2.94
2023-03-26,Ongole,2.54
2023-03-27,Ongole,5.37
2023-03-28,Ongole,7.1
2023-03-29,Ongole,0.04
2023-03-30,Ongole,3.36
2023-03-31,Ongole,0.16
2023-04-01,Ongole,2.39
2023-04-02,Ongole,1.02
2023-04-03,Ongole,1.1
2023-04-04,Ongole,1.31
2023-04-05,Ongole,2.91
2023-04-06,Ongole,1.22
2023-04-07,Ongole,3.96
2023-04-08,Ongole,1.56
2023-04-09,Ongole,0.21
2023-04-10,Ongole,4.59
2023-04-11,Ongole,1.01
2023-04-12,Ongole,1.7
2023-04-13,Ongole,3.47
2023-04-14,Ongole,1.21
2023-04-15,Ongole,0.17
2023-04-16,Ongole,1.4
2023-04-17,Ongole,8.67
2023-04-18,Ongole,3.08
2023-04-19,Ongole,3.34
2023-04-20,Ongole,3.0
2023-04-21,Ongole,0.67
2023-04-22,Ongole,1.63
2023-04-23,Ongole,4.17
2023-04-24,Ongole,0.32
2023-04-25,Ongole,0.98
2023-04-26,Ongole,0.97
2023-04-27,Ongole,1.7
2023-04-28,Ongole,11.79
2023-04-29,Ongole,0.21
2023-04-30,Ongole,2.19
2023-05-01,Ongole,0.59
2023-05-02,Ongole,10.59
2023-05-03,Ongole,0.36
2023-05-04,Ongole,1.55
2023-05-05,Ongole,4.02
2023-05-06,Ongole,3.66
2023-05-07,Ongole,1.65
2023-05-08,Ongole,1.28
2023-05-09,Ongole,1.52
2023-05-10,Ongole,0.92
2023-05-11,Ongole,0.69
2023-05-12,Ongole,1.98
2023-05-13,Ongole,0.94
2023-05-14,Ongole,1.02
2023-05-15,Ongole,3.21
2023-05-16,Ongole,10.38
2023-05-17,Ongole,2.78
2023-05-18,Ongole,0.24
2023-05-19,Ongole,0.24
2023-05-20,Ongole,9.07
2023-05-21,Ongole,1.06
2023-05-22,Ongole,0.29
2023-05-23,Ongole,2.74
2023-05-24,Ongole,2.93
2023-05-25,Ongole,3.14
2023-05-26,Ongole,0.93
2023-05-27,Ongole,0.05
2023-05-28,Ongole,10.06
2023-05-29,Ongole,0.87
2023-05-30,Ongole,3.38
2023-05-31,Ongole,3.68
2023-06-01,Ongole,18.83
2023-06-02,Ongole,7.51
2023-06-03,Ongole,6.32
2023-06-04,Ongole,18.21
2023-06-05,Ongole,40.21
2023-06-06,Ongole,58.65
2023-06-07,Ongole,2.24
2023-06-08,Ongole,3.36
2023-06-09,Ongole,57.91
2023-06-10,Ongole,26.68
2023-06-11,Ongole,42.91
2023-06-12,Ongole,4.53
2023-06-13,Ongole,17.71
2023-06-14,Ongole,24.16
2023-06-15,Ongole,22.8
2023-06-16,Ongole,10.49
2023-06-17,Ongole,0.31
2023-06-18,Ongole,17.49
2023-06-19,Ongole,5.84
2023-06-20,Ongole,11.97
2023-06-21,Ongole,63.2
2023-06-22,Ongole,10.18
2023-06-23,Ongole,36.63
2023-06-24,Ongole,4.18
2023-06-25,Ongole,22.32
2023-06-26,Ongole,75.45
2023-06-27,Ongole,2.15
2023-06-28,Ongole,0.17
2023-06-29,Ongole,11.37
2023-06-30,Ongole,1.94
2023-07-01,Ongole,27.6
2023-07-02,Ongole,49.2
2023-07-03,Ongole,11.38
2023-07-04,Ongole,5.99
2023-07-05,Ongole,11.4
2023-07-06,Ongole,25.71
2023-07-07,Ongole,0.18
2023-07-08,Ongole,17.81
2023-07-09,Ongole,19.0
2023-07-10,Ongole,20.31
2023-07-11,Ongole,5.54
2023-07-12,Ongole,25.04
2023-07-13,Ongole,1.92
2023-07-14,Ongole,4.44
2023-07-15,Ongole,41.99
2023-07-16,Ongole,26.84
2023-07-17,Ongole,0.28
2023-07-18,Ongole,5.71
2023-07-19,Ongole,4.83
2023-07-20,Ongole,6.32
2023-07-21,Ongole,5.69
2023-07-22,Ongole,1.29
2023-07-23,Ongole,12.28
2023-07-24,Ongole,26.39
2023-07-25,Ongole,18.67
2023-07-26,Ongole,22.35
2023-07-27,Ongole,1.69
2023-07-28,Ongole,60.52
2023-07-29,Ongole,36.46
2023-07-30,Ongole,32.7
2023-07-31,Ongole,34.63
2023-08-01,Ongole,53.98
2023-08-02,Ongole,15.72
2023-08-03,Ongole,4.47
2023-08-04,Ongole,19.18
2023-08-05,Ongole,27.16
2023-08-06,Ongole,26.78
2023-08-07,Ongole,14.74
2023-08-08,Ongole,1.42
2023-08-09,Ongole,9.28
2023-08-10,Ongole,50.71
2023-08-11,Ongole,17.56
2023-08-12,Ongole,15.46
2023-08-13,Ongole,6.26
2023-08-14,Ongole,9.19
2023-08-15,Ongole,45.14
2023-08-16,Ongole,21.96
2023-08-17,Ongole,30.97
2023-08-18,Ongole,12.12
2023-08-19,Ongole,19.9
2023-08-20,Ongole,5.71
2023-08-21,Ongole,24.45
2023-08-22,Ongole,11.16
2023-08-23,Ongole,11.69
2023-08-24,Ongole,20.96
2023-08-25,Ongole,55.07
2023-08-26,Ongole,1.32
2023-08-27,Ongole,34.83
2023-08-28,Ongole,6.92
2023-08-29,Ongole,11.74
2023-08-30,Ongole,0.44
2023-08-31,Ongole,7.16
2023-09-01,Ongole,13.97
2023-09-02,Ongole,1.16
2023-09-03,Ongole,13.51
2023-09-04,Ongole,52.38
2023-09-05,Ongole,2.23
2023-09-06,Ongole,28.92
2023-09-07,Ongole,10.54
2023-09-08,Ongole,21.29
2023-09-09,Ongole,6.03
2023-09-10,Ongole,3.47
2023-09-11,Ongole,3.5
2023-09-12,Ongole,1.46
2023-09-13,Ongole,4.11
2023-09-14,Ongole,21.83
2023-09-15,Ongole,42.69
2023-09-16,Ongole,33.65
2023-09-17,Ongole,23.11
2023-09-18,Ongole,2.34
2023-09-19,Ongole,6.83
2023-09-20,Ongole,7.42
2023-09-21,Ongole,5.75
2023-09-22,Ongole,14.47
2023-09-23,Ongole,15.34
2023-09-24,Ongole,8.83
2023-09-25,Ongole,8.73
2023-09-26,Ongole,35.27
2023-09-27,Ongole,31.15
2023-09-28,Ongole,7.36
2023-09-29,Ongole,49.02
2023-09-30,Ongole,61.07
2023-10-01,Ongole,1.19
2023-10-02,Ongole,1.31
2023-10-03,Ongole,2.11
2023-10-04,Ongole,8.5
2023-10-05,Ongole,6.27
2023-10-06,Ongole,0.32
2023-10-07,Ongole,1.5
2023-10-08,Ongole,2.42
2023-10-09,Ongole,2.1
2023-10-10,Ongole,0.65
2023-10-11,Ongole,5.87
2023-10-12,Ongole,3.39
2023-10-13,Ongole,5.46
2023-10-14,Ongole,5.87
2023-10-15,Ongole,4.14
2023-10-16,Ongole,1.74
2023-10-17,Ongole,2.83
2023-10-18,Ongole,0.52
2023-10-19,Ongole,3.36
2023-10-20,Ongole,0.59
2023-10-21,Ongole,3.55
2023-10-22,Ongole,0.78
2023-10-23,Ongole,0.38
2023-10-24,Ongole,0.54
2023-10-25,Ongole,0.01
2023-10-26,Ongole,3.81
2023-10-27,Ongole,3.95
2023-10-28,Ongole,2.17
2023-10-29,Ongole,0.53
2023-10-30,Ongole,0.26
2023-10-31,Ongole,0.06
2023-11-01,Ongole,0.54
2023-11-02,Ongole,6.65
2023-11-03,Ongole,0.83
2023-11-04,Ongole,1.31
2023-11-05,Ongole,0.33
2023-11-06,Ongole,0.75
2023-11-07,Ongole,2.2
2023-11-08,Ongole,2.81
2023-11-09,Ongole,0.84
2023-11-10,Ongole,0.18
2023-11-11,Ongole,1.49
2023-11-12,Ongole,0.8
2023-11-13,Ongole,0.74
2023-11-14,Ongole,9.65
2023-11-15,Ongole,2.87
2023-11-16,Ongole,2.44
2023-11-17,Ongole,1.61
2023-11-18,Ongole,1.68
2023-11-19,Ongole,2.34
2023-11-20,Ongole,3.58
2023-11-21,Ongole,3.63
2023-11-22,Ongole,0.57
2023-11-23,Ongole,2.08
2023-11-24,Ongole,1.59
2023-11-25,Ongole,6.13
2023-11-26,Ongole,2.99
2023-11-27,Ongole,2.28
2023-11-28,Ongole,0.37
2023-11-29,Ongole,2.79
2023-11-30,Ongole,0.37
2023-12-01,Ongole,1.23
2023-12-02,Ongole,0.46
2023-12-03,Ongole,3.53
2023-12-04,Ongole,0.69
2023-12-05,Ongole,1.49
2023-12-06,Ongole,6.78
2023-12-07,Ongole,0.69
2023-12-08,Ongole,2.13
2023-12-09,Ongole,1.63
2023-12-10,Ongole,0.05
2023-12-11,Ongole,4.72
2023-12-12,Ongole,0.21
2023-12-13,Ongole,1.93
2023-12-14,Ongole,2.47
2023-12-15,Ongole,2.97
2023-12-16,Ongole,3.5
2023-12-17,Ongole,0.88
2023-12-18,Ongole,0.03
2023-12-19,Ongole,3.86
2023-12-20,Ongole,2.3
2023-12-21,Ongole,5.43
2023-12-22,Ongole,5.17
2023-12-23,Ongole,5.56
2023-12-24,Ongole,1.99
2023-12-25,Ongole,1.22
2023-12-26,Ongole,4.7
2023-12-27,Ongole,1.8
2023-12-28,Ongole,0.61
2023-12-29,Ongole,5.79
2023-12-30,Ongole,6.43
2023-12-31,Ongole,1.88
2023-01-01,Eluru,0.24
2023-01-02,Eluru,1.47
2023-01-03,Eluru,4.88
2023-01-04,Eluru,6.96
2023-01-05,Eluru,0.68
2023-01-06,Eluru,0.21
2023-01-07,Eluru,6.3
2023-01-08,Eluru,1.48
2023-01-09,Eluru,2.34
2023-01-10,Eluru,10.33
2023-01-11,Eluru,0.21
2023-01-12,Eluru,3.14
2023-01-13,Eluru,0.23
2023-01-14,Eluru,1.41
2023-01-15,Eluru,4.89
2023-01-16,Eluru,1.7
2023-01-17,Eluru,17.62
2023-01-18,Eluru,2.46
2023-01-19,Eluru,1.16
2023-01-20,Eluru,0.75
2023-01-21,Eluru,1.29
2023-01-22,Eluru,1.4
2023-01-23,Eluru,0.21
2023-01-24,Eluru,1.38
2023-01-25,Eluru,1.87
2023-01-26,Eluru,3.85
2023-01-27,Eluru,3.21
2023-01-28,Eluru,3.7
2023-01-29,Eluru,0.03
2023-01-30,Eluru,0.74
2023-01-31,Eluru,3.25
2023-02-01,Eluru,1.98
2023-02-02,Eluru,0.02
2023-02-03,Eluru,4.9
2023-02-04,Eluru,4.45
2023-02-05,Eluru,2.39
2023-02-06,Eluru,0.21
2023-02-07,Eluru,4.36
2023-02-08,Eluru,2.63
2023-02-09,Eluru,4.57
2023-02-10,Eluru,4.18
2023-02-11,Eluru,4.87
2023-02-12,Eluru,2.19
2023-02-13,Eluru,0.45
2023-02-14,Eluru,3.34
2023-02-15,Eluru,2.91
2023-02-16,Eluru,4.07
2023-02-17,Eluru,0.56
2023-02-18,Eluru,0.65
2023-02-19,Eluru,6.63
2023-02-20,Eluru,4.16
2023-02-21,Eluru,7.17
2023-02-22,Eluru,4.27
2023-02-23,Eluru,2.73
2023-02-24,Eluru,3.19
2023-02-25,Eluru,6.6
2023-02-26,Eluru,2.59
2023-02-27,Eluru,3.0
2023-02-28,Eluru,0.51
2023-03-01,Eluru,1.93
2023-03-02,Eluru,3.78
2023-03-03,Eluru,0.95
2023-03-04,Eluru,0.68
2023-03-05,Eluru,1.13
2023-03-06,Eluru,0.83
2023-03-07,Eluru,0.73
2023-03-08,Eluru,1.66
2023-03-09,Eluru,7.15
2023-03-10,Eluru,2.12
2023-03-11,Eluru,0.62
2023-03-12,Eluru,0.24
2023-03-13,Eluru,3.57
2023-03-14,Eluru,1.45
2023-03-15,Eluru,5.18
2023-03-16,Eluru,3.23
2023-03-17,Eluru,4.77
2023-03-18,Eluru,0.95
2023-03-19,Eluru,3.54
2023-03-20,Eluru,0.92
2023-03-21,Eluru,8.39
2023-03-22,Eluru,3.03
2023-03-23,Eluru,1.18
2023-03-24,Eluru,0.94
2023-03-25,Eluru,0.64
2023-03-26,Eluru,3.56
2023-03-27,Eluru,0.74
2023-03-28,Eluru,2.71
2023-03-29,Eluru,0.92
2023-03-30,Eluru,3.25
2023-03-31,Eluru,5.06
2023-04-01,Eluru,4.52
2023-04-02,Eluru,4.29
2023-04-03,Eluru,0.62
2023-04-04,Eluru,0.28
2023-04-05,Eluru,3.6
2023-04-06,Eluru,1.38
2023-04-07,Eluru,1.7
2023-04-08,Eluru,0.09
2023-04-09,Eluru,0.9
2023-04-10,Eluru,0.1
2023-04-11,Eluru,6.34
2023-04-12,Eluru,0.84
2023-04-13,Eluru,2.44
2023-04-14,Eluru,0.12
2023-04-15,Eluru,3.3
2023-04-16,Eluru,1.17
2023-04-17,Eluru,6.85
2023-04-18,Eluru,6.57
2023-04-19,Eluru,1.18
2023-04-20,Eluru,6.94
2023-04-21,Eluru,16.69
2023-04-22,Eluru,5.24
2023-04-23,Eluru,5.59
2023-04-24,Eluru,0.86
2023-04-25,Eluru,2.58
2023-04-26,Eluru,0.21
2023-04-27,Eluru,0.3
2023-04-28,Eluru,20.42
2023-04-29,Eluru,1.19
2023-04-30,Eluru,4.14
2023-05-01,Eluru,4.93
2023-05-02,Eluru,5.86
2023-05-03,Eluru,18.13
2023-05-04,Eluru,0.83
2023-05-05,Eluru,0.12
2023-05-06,Eluru,1.59
2023-05-07,Eluru,0.42
2023-05-08,Eluru,0.07
2023-05-09,Eluru,1.34
2023-05-10,Eluru,4.59
2023-05-11,Eluru,2.51
2023-05-12,Eluru,1.13
2023-05-13,Eluru,3.19
2023-05-14,Eluru,0.79
2023-05-15,Eluru,0.04
2023-05-16,Eluru,4.34
2023-05-17,Eluru,2.93
2023-05-18,Eluru,4.31
2023-05-19,Eluru,0.12
2023-05-20,Eluru,5.44
2023-05-21,Eluru,2.9
2023-05-22,Eluru,2.49
2023-05-23,Eluru,2.94
2023-05-24,Eluru,5.99
2023-05-25,Eluru,2.65
2023-05-26,Eluru,2.61
2023-05-27,Eluru,14.03
2023-05-28,Eluru,4.24
2023-05-29,Eluru,1.75
2023-05-30,Eluru,3.69
2023-05-31,Eluru,1.48
2023-06-01,Eluru,5.2
2023-06-02,Eluru,18.17
2023-06-03,Eluru,52.67
2023-06-04,Eluru,52.94
2023-06-05,Eluru,8.37
2023-06-06,Eluru,15.0
2023-06-07,Eluru,4.76
2023-06-08,Eluru,108.66
2023-06-09,Eluru,79.39
2023-06-10,Eluru,20.97
2023-06-11,Eluru,32.64
2023-06-12,Eluru,25.11
2023-06-13,Eluru,17.99
2023-06-14,Eluru,1.1
2023-06-15,Eluru,12.13
2023-06-16,Eluru,22.47
2023-06-17,Eluru,22.64
2023-06-18,Eluru,9.34
2023-06-19,Eluru,56.84
2023-06-20,Eluru,3.66
2023-06-21,Eluru,13.88
2023-06-22,Eluru,23.48
2023-06-23,Eluru,23.89
2023-06-24,Eluru,20.92
2023-06-25,Eluru,6.44
2023-06-26,Eluru,3.4
2023-06-27,Eluru,20.21
2023-06-28,Eluru,18.29
2023-06-29,Eluru,3.95
2023-06-30,Eluru,24.43
2023-07-01,Eluru,12.15
2023-07-02,Eluru,22.04
2023-07-03,Eluru,36.33
2023-07-04,Eluru,3.72
2023-07-05,Eluru,0.39
2023-07-06,Eluru,30.2
2023-07-07,Eluru,18.82
2023-07-08,Eluru,24.06
2023-07-09,Eluru,36.42
2023-07-10,Eluru,32.47
2023-07-11,Eluru,64.84
2023-07-12,Eluru,15.35
2023-07-13,Eluru,13.41
2023-07-14,Eluru,10.28
2023-07-15,Eluru,3.34
2023-07-16,Eluru,17.0
2023-07-17,Eluru,6.49
2023-07-18,Eluru,50.84
2023-07-19,Eluru,17.5
2023-07-20,Eluru,17.97
2023-07-21,Eluru,8.77
2023-07-22,Eluru,1.07
2023-07-23,Eluru,0.65
2023-07-24,Eluru,11.01
2023-07-25,Eluru,1.77
2023-07-26,Eluru,18.67
2023-07-27,Eluru,42.57
2023-07-28,Eluru,42.9
2023-07-29,Eluru,21.52
2023-07-30,Eluru,4.75
2023-07-31,Eluru,39.76
2023-08-01,Eluru,43.45
2023-08-02,Eluru,4.38
2023-08-03,Eluru,26.74
2023-08-04,Eluru,6.75
2023-08-05,Eluru,32.45
2023-08-06,Eluru,117.84
2023-08-07,Eluru,0.61
2023-08-08,Eluru,45.53
2023-08-09,Eluru,19.49
2023-08-10,Eluru,72.52
2023-08-11,Eluru,12.51
2023-08-12,Eluru,37.6
2023-08-13,Eluru,1.29
2023-08-14,Eluru,8.17
2023-08-15,Eluru,1.39
2023-08-16,Eluru,74.05
2023-08-17,Eluru,33.96
2023-08-18,Eluru,38.28
2023-08-19,Eluru,55.6
2023-08-20,Eluru,1.78
2023-08-21,Eluru,9.74
2023-08-22,Eluru,1.47
2023-08-23,Eluru,4.73
2023-08-24,Eluru,5.21
2023-08-25,Eluru,12.66
2023-08-26,Eluru,6.25
2023-08-27,Eluru,2.13
2023-08-28,Eluru,3.67
2023-08-29,Eluru,3.19
2023-08-30,Eluru,72.3
2023-08-31,Eluru,28.48
2023-09-01,Eluru,68.69
2023-09-02,Eluru,11.59
2023-09-03,Eluru,6.52
2023-09-04,Eluru,32.02
2023-09-05,Eluru,7.9
2023-09-06,Eluru,7.12
2023-09-07,Eluru,5.29
2023-09-08,Eluru,2.78
2023-09-09,Eluru,5.93
2023-09-10,Eluru,8.78
2023-09-11,Eluru,22.42
2023-09-12,Eluru,1.29
2023-09-13,Eluru,4.73
2023-09-14,Eluru,33.11
2023-09-15,Eluru,3.18
2023-09-16,Eluru,8.39
2023-09-17,Eluru,40.0
2023-09-18,Eluru,3.37
2023-09-19,Eluru,1.73
2023-09-20,Eluru,13.25
2023-09-21,Eluru,7.2
2023-09-22,Eluru,16.58
2023-09-23,Eluru,32.57
2023-09-24,Eluru,2.95
2023-09-25,Eluru,17.38
2023-09-26,Eluru,14.08
2023-09-27,Eluru,3.11
2023-09-28,Eluru,19.56
2023-09-29,Eluru,6.39
2023-09-30,Eluru,13.38
2023-10-01,Eluru,0.26
2023-10-02,Eluru,1.85
2023-10-03,Eluru,1.1
2023-10-04,Eluru,5.18
2023-10-05,Eluru,0.18
2023-10-06,Eluru,1.63
2023-10-07,Eluru,1.84
2023-10-08,Eluru,3.87
2023-10-09,Eluru,2.56
2023-10-10,Eluru,3.3
2023-10-11,Eluru,4.5
2023-10-12,Eluru,5.95
2023-10-13,Eluru,1.13
2023-10-14,Eluru,2.32
2023-10-15,Eluru,5.5
2023-10-16,Eluru,13.66
2023-10-17,Eluru,6.61
2023-10-18,Eluru,1.39
2023-10-19,Eluru,0.65
2023-10-20,Eluru,2.02
2023-10-21,Eluru,4.06
2023-10-22,Eluru,2.04
2023-10-23,Eluru,1.98
2023-10-24,Eluru,5.46
2023-10-25,Eluru,1.35
2023-10-26,Eluru,5.89
2023-10-27,Eluru,1.57
2023-10-28,Eluru,1.19
2023-10-29,Eluru,1.82
2023-10-30,Eluru,4.31
2023-10-31,Eluru,0.4
2023-11-01,Eluru,0.66
2023-11-02,Eluru,9.08
2023-11-03,Eluru,0.58
2023-11-04,Eluru,2.52
2023-11-05,Eluru,2.6
2023-11-06,Eluru,2.02
2023-11-07,Eluru,3.1
2023-11-08,Eluru,0.78
2023-11-09,Eluru,2.41
2023-11-10,Eluru,1.4
2023-11-11,Eluru,3.25
2023-11-12,Eluru,0.46
2023-11-13,Eluru,2.54
2023-11-14,Eluru,0.61
2023-11-15,Eluru,0.98
2023-11-16,Eluru,0.74
2023-11-17,Eluru,0.61
2023-11-18,Eluru,5.24
2023-11-19,Eluru,1.01
2023-11-20,Eluru,7.86
2023-11-21,Eluru,10.51
2023-11-22,Eluru,2.54
2023-11-23,Eluru,0.46
2023-11-24,Eluru,1.41
2023-11-25,Eluru,4.79
2023-11-26,Eluru,1.37
2023-11-27,Eluru,0.27
2023-11-28,Eluru,2.44
2023-11-29,Eluru,5.6
2023-11-30,Eluru,4.77
2023-12-01,Eluru,0.58
2023-12-02,Eluru,3.35
2023-12-03,Eluru,0.75
2023-12-04,Eluru,0.74
2023-12-05,Eluru,6.22
2023-12-06,Eluru,0.86
2023-12-07,Eluru,0.92
2023-12-08,Eluru,0.0
2023-12-09,Eluru,6.14
2023-12-10,Eluru,4.72
2023-12-11,Eluru,2.96
2023-12-12,Eluru,4.16
2023-12-13,Eluru,0.49
2023-12-14,Eluru,1.84
2023-12-15,Eluru,1.3
2023-12-16,Eluru,0.3
2023-12-17,Eluru,2.0
2023-12-18,Eluru,7.61
2023-12-19,Eluru,0.12
2023-12-20,Eluru,1.03
2023-12-21,Eluru,0.7
2023-12-22,Eluru,0.82
2023-12-23,Eluru,7.17
2023-12-24,Eluru,1.89
2023-12-25,Eluru,1.88
2023-12-26,Eluru,4.29
2023-12-27,Eluru,0.5
2023-12-28,Eluru,2.0
2023-12-29,Eluru,1.69
2023-12-30,Eluru,2.73
2023-12-31,Eluru,23.17
